Row, Timestamp, Series 1, Series 2
0,0.907,0,0
1,0.917,0,0
2,0.927,0,0
3,0.937,0,0
4,0.947,0,0
5,0.957,0,0
6,0.967,0,0
7,0.977,0,0
8,0.987,0,0
9,0.997,0,0
10,1.007,0,0
11,1.017,0,0
12,1.027,0,0
13,1.037,0,0
14,1.047,0,0
15,1.057,0,0
16,1.067,0,0
17,1.077,0,0
18,1.087,0,0
19,1.097,0,0
20,1.107,0,0
21,1.117,0,0
22,1.127,0,0
23,1.137,0,0
24,1.147,0,0
25,1.157,0,0
26,1.167,0,0
27,1.177,0,0
28,1.187,0,0
29,1.197,0,0
30,1.207,0,0
31,1.217,0,0
32,1.227,0,0
33,1.237,0,0
34,1.247,0,0
35,1.257,0,0
36,1.267,0,0
37,1.277,0,0
38,1.287,0,0
39,1.297,0,0
40,1.307,0,0
41,1.317,0,0
42,1.327,0,0
43,1.337,0,0
44,1.347,0,0
45,1.357,0,0
46,1.367,0,0
47,1.377,0,0
48,1.387,0,0
49,1.397,0,0
50,1.407,0,0
51,1.417,0,0
52,1.427,0,0
53,1.437,0,0
54,1.447,0,0
55,1.457,0,0
56,1.467,0,0
57,1.477,0,0
58,1.487,0,0
59,1.497,0,0
60,1.507,0,0
61,1.517,0,0
62,1.527,0,0
63,1.537,0,0
64,1.547,0,0
65,1.557,0,0
66,1.567,0,0
67,1.577,0,0
68,1.587,0,0
69,1.597,0,0
70,1.607,0,0
71,1.617,0,0
72,1.627,0,0
73,1.637,0,0
74,1.647,0,0
75,1.657,0,0
76,1.667,0,0
77,1.677,0,0
78,1.687,0,0
79,1.697,0,0
80,1.707,0,0
81,1.717,0,0
82,1.727,0,0
83,1.737,0,0
84,1.747,0,0
85,1.757,0,0
86,1.767,0,0
87,1.777,0,0
88,1.787,0,0
89,1.797,0,0
90,1.807,0,0
91,1.817,0,0
92,1.827,0,0
93,1.837,0,0
94,1.847,0,0
95,1.857,0,0
96,1.867,0,0
97,1.877,0,0
98,1.887,0,0
99,1.897,0,0
100,1.907,0,0
101,1.917,0,0
102,1.927,0,0
103,1.937,0,0
104,1.947,0,0
105,1.957,0,0
106,1.967,0,0
107,1.977,0,0
108,1.987,0,0
109,1.997,0,0
110,2.007,0,0
111,2.017,0,0
112,2.027,0,0
113,2.037,0,0
114,2.047,0,0
115,2.057,0,0
116,2.067,0,0
117,2.077,0,0
118,2.087,0,0
119,2.097,0,0
120,2.107,0,0
121,2.117,0,0
122,2.127,0,0
123,2.137,0,0
124,2.147,0,0
125,2.157,0,0
126,2.167,0,0
127,2.177,0,0
128,2.187,0,0
129,2.197,0,0
130,2.207,0,0
131,2.217,0,0
132,2.227,0,0
133,2.237,0,0
134,2.247,0,0
135,2.257,0,0
136,2.267,0,0
137,2.277,0,0
138,2.287,0,0
139,2.297,0,0
140,2.307,0,0
141,2.317,0,0
142,2.327,0,0
143,2.337,0,0
144,2.347,0,0
145,2.357,0,0
146,2.367,0,0
147,2.377,0,0
148,2.387,0,0
149,2.397,0,0
150,2.407,0,0
151,2.417,0,0
152,2.427,0,0
153,2.437,0,0
154,2.447,0,0
155,2.457,0,0
156,2.467,0,0
157,2.477,0,0
158,2.487,0,0
159,2.497,0,0
160,2.507,0,0
161,2.517,0,0
162,2.527,0,0
163,2.537,0,0
164,2.547,0,0
165,2.557,0,0
166,2.567,0,0
167,2.577,0,0
168,2.587,0,0
169,2.597,0,0
170,2.607,0,0
171,2.617,0,0
172,2.627,0,0
173,2.637,0,0
174,2.647,0,0
175,2.657,0,0
176,2.667,0,0
177,2.677,0,0
178,2.687,0,0
179,2.697,0,0
180,2.707,0,0
181,2.717,0,0
182,2.727,0,0
183,2.737,0,0
184,2.747,0,0
185,2.757,0,0
186,2.767,0,0
187,2.777,0,0
188,2.787,1,0
189,2.797,1,1
190,2.807,2,2
191,2.817,2,3
192,2.827,4,4
193,2.837,5,4
194,2.847,6,4
195,2.857,7,4
196,2.867,7,4
197,2.877,7,4
198,2.887,7,4
199,2.897,7,4
200,2.907,7,4
201,2.917,7,4
202,2.927,7,4
203,2.937,7,4
204,2.947,7,4
205,2.957,7,4
206,2.967,7,4
207,2.977,7,4
208,2.987,7,4
209,2.997,7,5
210,3.007,7,5
211,3.017,8,5
212,3.027,8,5
213,3.037,8,5
214,3.047,8,5
215,3.057,8,5
216,3.067,8,6
217,3.077,8,6
218,3.087,8,6
219,3.097,8,6
220,3.107,8,6
221,3.117,8,6
222,3.127,9,6
223,3.137,9,7
224,3.147,9,7
225,3.157,9,7
226,3.167,9,7
227,3.177,9,7
228,3.187,9,7
229,3.197,9,8
230,3.207,10,8
231,3.217,10,8
232,3.227,10,8
233,3.237,10,8
234,3.247,10,8
235,3.257,11,9
236,3.267,11,9
237,3.277,11,9
238,3.287,11,9
239,3.297,11,9
240,3.307,12,10
241,3.317,12,10
242,3.327,12,10
243,3.337,12,10
244,3.347,12,10
245,3.357,13,11
246,3.367,13,11
247,3.377,13,11
248,3.387,13,11
249,3.397,13,12
250,3.407,14,12
251,3.417,14,12
252,3.427,14,12
253,3.437,14,13
254,3.447,15,13
255,3.457,15,13
256,3.467,15,13
257,3.477,15,13
258,3.487,16,14
259,3.497,16,14
260,3.507,16,15
261,3.517,16,15
262,3.527,17,15
263,3.537,17,16
264,3.547,17,16
265,3.557,18,16
266,3.567,18,16
267,3.577,18,17
268,3.587,19,17
269,3.597,19,17
270,3.607,19,18
271,3.617,20,18
272,3.627,20,18
273,3.637,21,19
274,3.647,21,19
275,3.657,21,19
276,3.667,21,20
277,3.677,22,20
278,3.687,22,21
279,3.697,23,21
280,3.707,23,21
281,3.717,24,22
282,3.727,24,22
283,3.737,25,22
284,3.747,25,23
285,3.757,25,23
286,3.767,26,24
287,3.777,26,24
288,3.787,27,24
289,3.797,27,25
290,3.807,28,26
291,3.817,28,26
292,3.827,28,26
293,3.837,29,27
294,3.847,30,27
295,3.857,30,28
296,3.867,30,28
297,3.877,31,29
298,3.887,31,29
299,3.897,32,30
300,3.907,33,30
301,3.917,33,31
302,3.927,34,31
303,3.937,34,32
304,3.947,35,32
305,3.957,35,33
306,3.967,36,34
307,3.977,37,34
308,3.987,37,35
309,3.997,38,35
310,4.007,39,36
311,4.017,39,36
312,4.027,40,37
313,4.037,41,38
314,4.047,41,38
315,4.057,41,39
316,4.067,42,40
317,4.077,43,40
318,4.087,44,41
319,4.097,44,42
320,4.107,45,42
321,4.117,46,43
322,4.127,46,44
323,4.137,47,44
324,4.147,48,45
325,4.157,48,46
326,4.167,49,47
327,4.177,50,47
328,4.187,51,48
329,4.197,51,49
330,4.207,52,50
331,4.217,53,51
332,4.227,53,51
333,4.237,54,52
334,4.247,55,53
335,4.257,56,54
336,4.267,57,54
337,4.277,57,55
338,4.287,58,56
339,4.297,59,57
340,4.307,60,58
341,4.317,61,58
342,4.327,62,59
343,4.337,62,60
344,4.347,63,61
345,4.357,64,62
346,4.367,65,63
347,4.377,65,63
348,4.387,66,64
349,4.397,67,65
350,4.407,68,66
351,4.417,69,67
352,4.427,70,68
353,4.437,71,69
354,4.447,72,70
355,4.457,73,71
356,4.467,73,72
357,4.477,74,73
358,4.487,75,74
359,4.497,76,75
360,4.507,77,75
361,4.517,78,76
362,4.527,79,77
363,4.537,80,78
364,4.547,81,79
365,4.557,82,80
366,4.567,83,81
367,4.577,84,81
368,4.587,85,82
369,4.597,86,83
370,4.607,87,85
371,4.617,88,86
372,4.627,89,87
373,4.637,90,87
374,4.647,91,88
375,4.657,92,89
376,4.667,93,90
377,4.677,94,91
378,4.687,95,92
379,4.697,96,93
380,4.707,97,94
381,4.717,98,95
382,4.727,99,96
383,4.737,100,97
384,4.747,101,97
385,4.757,102,98
386,4.767,104,99
387,4.777,105,100
388,4.787,106,101
389,4.797,107,102
390,4.807,108,103
391,4.817,109,104
392,4.827,110,105
393,4.837,111,106
394,4.847,112,107
395,4.857,113,108
396,4.867,115,108
397,4.877,116,109
398,4.887,117,110
399,4.897,118,111
400,4.907,119,112
401,4.917,120,112
402,4.927,121,113
403,4.937,122,114
404,4.947,124,115
405,4.957,125,116
406,4.967,126,116
407,4.977,127,117
408,4.987,128,118
409,4.997,130,119
410,5.007,130,119
411,5.017,132,120
412,5.027,133,120
413,5.037,134,121
414,5.047,136,122
415,5.057,137,122
416,5.067,138,122
417,5.077,139,122
418,5.087,140,122
419,5.097,141,122
420,5.107,143,122
421,5.117,144,122
422,5.127,145,122
423,5.137,147,123
424,5.147,148,125
425,5.157,149,126
426,5.167,150,127
427,5.177,151,128
428,5.187,153,129
429,5.197,154,131
430,5.207,155,131
431,5.217,156,132
432,5.227,157,132
433,5.237,158,133
434,5.247,160,133
435,5.257,161,134
436,5.267,161,134
437,5.277,162,134
438,5.287,162,134
439,5.297,163,136
440,5.307,164,136
441,5.317,165,137
442,5.327,167,138
443,5.337,169,138
444,5.347,170,139
445,5.357,172,140
446,5.367,173,140
447,5.377,173,141
448,5.387,174,141
449,5.397,175,142
450,5.407,177,142
451,5.417,177,143
452,5.427,179,143
453,5.437,180,144
454,5.447,181,144
455,5.457,182,145
456,5.467,184,145
457,5.477,185,146
458,5.487,186,146
459,5.497,187,146
460,5.507,188,146
461,5.517,189,146
462,5.527,190,147
463,5.537,191,147
464,5.547,192,148
465,5.557,193,148
466,5.567,194,148
467,5.577,195,148
468,5.587,196,148
469,5.597,197,148
470,5.607,198,148
471,5.617,199,148
472,5.627,201,148
473,5.637,201,148
474,5.647,202,148
475,5.657,203,148
476,5.667,204,148
477,5.677,205,148
478,5.687,206,148
479,5.697,206,148
480,5.707,208,148
481,5.717,208,148
482,5.727,209,148
483,5.737,210,148
484,5.747,211,148
485,5.757,212,148
486,5.767,213,148
487,5.777,213,148
488,5.787,213,148
489,5.797,213,148
490,5.807,213,149
491,5.817,213,149
492,5.827,213,149
493,5.837,213,149
494,5.847,213,149
495,5.857,213,149
496,5.867,213,149
497,5.877,213,149
498,5.887,213,149
499,5.897,213,149
500,5.907,213,149
501,5.917,213,149
502,5.927,214,149
503,5.937,215,149
504,5.947,217,150
505,5.957,219,151
506,5.967,221,152
507,5.977,223,154
508,5.987,225,155
509,5.997,227,156
510,6.007,229,155
511,6.017,232,155
512,6.027,233,155
513,6.037,234,155
514,6.047,234,155
515,6.057,234,155
516,6.067,235,155
517,6.077,235,155
518,6.087,236,155
519,6.097,237,155
520,6.107,238,155
521,6.117,238,155
522,6.127,239,155
523,6.137,240,155
524,6.147,240,155
525,6.157,241,155
526,6.167,242,155
527,6.177,242,155
528,6.187,244,155
529,6.197,244,155
530,6.207,245,155
531,6.217,245,155
532,6.227,246,155
533,6.237,246,155
534,6.247,247,155
535,6.257,248,155
536,6.267,249,156
537,6.277,249,156
538,6.287,251,156
539,6.297,251,156
540,6.307,252,156
541,6.317,253,156
542,6.327,253,156
543,6.337,254,156
544,6.347,254,156
545,6.357,255,156
546,6.367,256,156
547,6.377,257,156
548,6.387,257,156
549,6.397,258,157
550,6.407,258,157
551,6.417,259,157
552,6.427,260,157
553,6.437,260,157
554,6.447,260,158
555,6.457,261,158
556,6.467,261,158
557,6.477,262,158
558,6.487,262,158
559,6.497,263,158
560,6.507,264,159
561,6.517,265,159
562,6.527,265,159
563,6.537,265,159
564,6.547,266,159
565,6.557,267,159
566,6.567,268,159
567,6.577,268,159
568,6.587,269,160
569,6.597,269,160
570,6.607,270,160
571,6.617,270,160
572,6.627,271,160
573,6.637,272,160
574,6.647,272,160
575,6.657,273,161
576,6.667,273,161
577,6.677,274,161
578,6.687,274,161
579,6.697,275,161
580,6.707,275,161
581,6.717,276,161
582,6.727,277,161
583,6.737,277,162
584,6.747,278,162
585,6.757,278,162
586,6.767,278,163
587,6.777,278,163
588,6.787,278,163
589,6.797,278,163
590,6.807,278,163
591,6.817,278,163
592,6.827,278,164
593,6.837,277,164
594,6.847,276,164
595,6.857,275,164
596,6.867,273,164
597,6.877,273,164
598,6.887,273,164
599,6.897,273,165
600,6.907,273,165
601,6.917,274,165
602,6.927,274,165
603,6.937,274,165
604,6.947,275,165
605,6.957,275,166
606,6.967,276,166
607,6.977,276,166
608,6.987,276,166
609,6.997,277,166
610,7.007,277,166
611,7.017,277,167
612,7.027,277,167
613,7.037,277,167
614,7.047,277,167
615,7.057,277,167
616,7.067,277,167
617,7.077,277,167
618,7.087,278,167
619,7.097,278,167
620,7.107,278,168
621,7.117,278,168
622,7.127,279,169
623,7.137,280,169
624,7.147,281,169
625,7.157,282,169
626,7.167,282,169
627,7.177,283,169
628,7.187,284,169
629,7.197,284,169
630,7.207,284,170
631,7.217,284,170
632,7.227,284,170
633,7.237,284,170
634,7.247,284,170
635,7.257,284,170
636,7.267,284,171
637,7.277,284,171
638,7.287,284,172
639,7.297,284,172
640,7.307,284,172
641,7.317,284,172
642,7.327,284,172
643,7.337,284,172
644,7.347,284,172
645,7.357,284,173
646,7.367,284,173
647,7.377,284,173
648,7.387,284,173
649,7.397,284,173
650,7.407,285,174
651,7.417,286,174
652,7.427,289,174
653,7.437,291,174
654,7.447,293,175
655,7.457,294,175
656,7.467,294,175
657,7.477,294,175
658,7.487,294,175
659,7.497,294,176
660,7.507,294,176
661,7.517,294,177
662,7.527,294,177
663,7.537,294,177
664,7.547,294,177
665,7.557,295,178
666,7.567,295,178
667,7.577,296,179
668,7.587,296,179
669,7.597,296,179
670,7.607,296,179
671,7.617,296,180
672,7.627,297,180
673,7.637,297,181
674,7.647,297,181
675,7.657,297,181
676,7.667,297,181
677,7.677,298,182
678,7.687,298,182
679,7.697,299,183
680,7.707,299,183
681,7.717,300,183
682,7.727,300,183
683,7.737,301,183
684,7.747,301,183
685,7.757,301,184
686,7.767,302,184
687,7.777,302,185
688,7.787,302,185
689,7.797,302,185
690,7.807,303,186
691,7.817,303,186
692,7.827,304,187
693,7.837,304,187
694,7.847,304,187
695,7.857,305,188
696,7.867,305,189
697,7.877,305,190
698,7.887,306,190
699,7.897,306,190
700,7.907,307,191
701,7.917,307,191
702,7.927,308,192
703,7.937,308,192
704,7.947,308,192
705,7.957,309,193
706,7.967,309,193
707,7.977,309,194
708,7.987,310,194
709,7.997,310,194
710,8.007,311,195
711,8.017,312,196
712,8.027,312,196
713,8.037,313,197
714,8.047,313,197
715,8.057,313,198
716,8.067,314,199
717,8.077,314,199
718,8.087,315,199
719,8.097,316,200
720,8.107,316,201
721,8.117,317,201
722,8.127,317,202
723,8.137,318,202
724,8.147,318,203
725,8.157,319,204
726,8.167,320,204
727,8.177,320,205
728,8.187,321,205
729,8.197,321,206
730,8.207,322,207
731,8.217,322,207
732,8.227,323,208
733,8.237,324,209
734,8.247,324,209
735,8.257,325,210
736,8.267,325,211
737,8.277,326,211
738,8.287,327,212
739,8.297,327,213
740,8.307,328,214
741,8.317,329,214
742,8.327,329,215
743,8.337,330,216
744,8.347,331,216
745,8.357,332,217
746,8.367,332,218
747,8.377,333,218
748,8.387,334,220
749,8.397,334,220
750,8.407,335,221
751,8.417,336,222
752,8.427,337,223
753,8.437,337,224
754,8.447,338,224
755,8.457,339,225
756,8.467,340,226
757,8.477,341,227
758,8.487,341,228
759,8.497,342,228
760,8.507,343,229
761,8.517,344,230
762,8.527,345,231
763,8.537,345,232
764,8.547,346,233
765,8.557,347,234
766,8.567,348,235
767,8.577,349,236
768,8.587,350,237
769,8.597,350,237
770,8.607,352,238
771,8.617,353,239
772,8.627,353,240
773,8.637,354,241
774,8.647,355,242
775,8.657,356,242
776,8.667,357,243
777,8.677,358,244
778,8.687,359,246
779,8.697,360,246
780,8.707,361,247
781,8.717,362,248
782,8.727,363,249
783,8.737,364,250
784,8.747,365,251
785,8.757,366,252
786,8.767,368,253
787,8.777,368,254
788,8.787,369,255
789,8.797,370,256
790,8.807,371,257
791,8.817,373,258
792,8.827,373,259
793,8.837,374,260
794,8.847,376,261
795,8.857,377,262
796,8.867,378,263
797,8.877,379,264
798,8.887,380,265
799,8.897,381,266
800,8.907,382,267
801,8.917,383,268
802,8.927,385,269
803,8.937,385,270
804,8.947,387,271
805,8.957,388,272
806,8.967,389,273
807,8.977,390,275
808,8.987,391,275
809,8.997,392,276
810,9.007,394,277
811,9.017,395,278
812,9.027,396,280
813,9.037,397,281
814,9.047,398,282
815,9.057,400,282
816,9.067,401,284
817,9.077,402,285
818,9.087,403,286
819,9.097,405,287
820,9.107,406,288
821,9.117,407,289
822,9.127,409,290
823,9.137,410,291
824,9.147,411,292
825,9.157,413,293
826,9.167,414,294
827,9.177,415,295
828,9.187,416,296
829,9.197,418,297
830,9.207,419,299
831,9.217,421,300
832,9.227,422,301
833,9.237,423,302
834,9.247,424,303
835,9.257,426,304
836,9.267,427,305
837,9.277,429,306
838,9.287,430,307
839,9.297,432,308
840,9.307,433,309
841,9.317,434,310
842,9.327,436,311
843,9.337,437,312
844,9.347,439,314
845,9.357,440,314
846,9.367,441,315
847,9.377,443,316
848,9.387,445,317
849,9.397,446,319
850,9.407,448,319
851,9.417,449,320
852,9.427,450,321
853,9.437,452,323
854,9.447,453,323
855,9.457,455,324
856,9.467,456,325
857,9.477,457,326
858,9.487,459,327
859,9.497,461,329
860,9.507,462,330
861,9.517,464,331
862,9.527,465,332
863,9.537,466,333
864,9.547,468,333
865,9.557,469,335
866,9.567,471,335
867,9.577,473,336
868,9.587,474,337
869,9.597,475,338
870,9.607,477,339
871,9.617,478,340
872,9.627,480,341
873,9.637,481,342
874,9.647,483,343
875,9.657,484,344
876,9.667,486,345
877,9.677,487,346
878,9.687,489,347
879,9.697,490,348
880,9.707,491,348
881,9.717,493,350
882,9.727,494,350
883,9.737,496,351
884,9.747,498,352
885,9.757,499,353
886,9.767,501,354
887,9.777,501,355
888,9.787,503,356
889,9.797,504,356
890,9.807,506,357
891,9.817,507,358
892,9.827,508,358
893,9.837,509,358
894,9.847,510,358
895,9.857,510,358
896,9.867,511,358
897,9.877,511,358
898,9.887,511,358
899,9.897,511,358
900,9.907,511,358
901,9.917,511,358
902,9.927,512,359
903,9.937,512,360
904,9.947,513,361
905,9.957,514,362
906,9.967,516,364
907,9.977,518,364
908,9.987,520,365
909,9.997,522,366
910,10.007,524,367
911,10.017,525,368
912,10.027,527,368
913,10.037,528,368
914,10.047,529,369
915,10.057,530,369
916,10.067,531,369
917,10.077,532,369
918,10.087,533,370
919,10.097,533,371
920,10.107,534,372
921,10.117,534,373
922,10.127,535,374
923,10.137,537,375
924,10.147,538,376
925,10.157,540,376
926,10.167,541,376
927,10.177,542,377
928,10.187,544,377
929,10.197,545,377
930,10.207,547,377
931,10.217,548,378
932,10.227,549,379
933,10.237,550,380
934,10.247,551,380
935,10.257,551,381
936,10.267,552,382
937,10.277,553,382
938,10.287,553,382
939,10.297,555,382
940,10.307,556,383
941,10.317,557,383
942,10.327,558,384
943,10.337,559,384
944,10.347,560,385
945,10.357,561,386
946,10.367,562,386
947,10.377,563,386
948,10.387,564,387
949,10.397,565,387
950,10.407,565,387
951,10.417,566,388
952,10.427,567,388
953,10.437,568,388
954,10.447,569,389
955,10.457,569,390
956,10.467,570,390
957,10.477,572,390
958,10.487,572,391
959,10.497,573,391
960,10.507,574,391
961,10.517,575,391
962,10.527,576,392
963,10.537,576,392
964,10.547,577,392
965,10.557,577,393
966,10.567,578,393
967,10.577,579,394
968,10.587,580,394
969,10.597,581,394
970,10.607,581,394
971,10.617,582,394
972,10.627,583,394
973,10.637,584,395
974,10.647,585,395
975,10.657,586,395
976,10.667,587,395
977,10.677,588,396
978,10.687,589,396
979,10.697,590,396
980,10.707,590,396
981,10.717,591,396
982,10.727,592,396
983,10.737,593,397
984,10.747,594,397
985,10.757,595,397
986,10.767,596,397
987,10.777,597,397
988,10.787,597,397
989,10.797,598,397
990,10.807,600,397
991,10.817,601,397
992,10.827,602,398
993,10.837,603,398
994,10.847,604,398
995,10.857,605,398
996,10.867,606,398
997,10.877,606,398
998,10.887,606,398
999,10.897,606,398
1000,10.907,607,398
1001,10.917,607,398
1002,10.927,608,398
1003,10.937,608,398
1004,10.947,609,398
1005,10.957,609,399
1006,10.968,610,399
1007,10.978,611,399
1008,10.988,611,399
1009,10.998,612,399
1010,11.008,612,399
1011,11.018,612,399
1012,11.028,613,399
1013,11.038,613,399
1014,11.048,613,399
1015,11.058,614,399
1016,11.068,614,399
1017,11.078,615,399
1018,11.088,615,399
1019,11.098,616,399
1020,11.108,616,398
1021,11.118,617,398
1022,11.128,617,398
1023,11.138,617,398
1024,11.148,617,398
1025,11.158,618,398
1026,11.168,618,398
1027,11.178,618,398
1028,11.188,619,398
1029,11.198,619,398
1030,11.208,620,398
1031,11.218,620,398
1032,11.228,620,398
1033,11.238,620,398
1034,11.248,621,398
1035,11.258,621,398
1036,11.268,621,398
1037,11.278,621,398
1038,11.288,621,398
1039,11.298,621,398
1040,11.308,622,398
1041,11.318,622,398
1042,11.328,622,398
1043,11.338,623,398
1044,11.348,623,398
1045,11.358,623,398
1046,11.368,623,398
1047,11.378,624,398
1048,11.388,624,398
1049,11.398,624,398
1050,11.408,624,398
1051,11.418,625,398
1052,11.428,626,398
1053,11.438,626,398
1054,11.448,627,398
1055,11.458,627,398
1056,11.468,628,398
1057,11.478,628,398
1058,11.488,628,398
1059,11.498,628,398
1060,11.508,628,398
1061,11.518,629,398
1062,11.528,629,398
1063,11.538,629,398
1064,11.548,629,398
1065,11.558,629,398
1066,11.568,629,398
1067,11.578,630,398
1068,11.588,630,398
1069,11.598,630,398
1070,11.608,630,398
1071,11.618,631,398
1072,11.628,631,398
1073,11.638,631,398
1074,11.648,632,398
1075,11.658,632,398
1076,11.668,632,398
1077,11.678,632,398
1078,11.688,632,398
1079,11.698,632,398
1080,11.708,632,398
1081,11.718,633,398
1082,11.728,633,398
1083,11.738,633,398
1084,11.748,633,398
1085,11.758,633,398
1086,11.768,633,398
1087,11.778,634,398
1088,11.788,634,398
1089,11.798,634,398
1090,11.808,634,398
1091,11.818,635,398
1092,11.828,635,397
1093,11.838,635,397
1094,11.848,635,397
1095,11.858,635,397
1096,11.868,635,397
1097,11.878,635,397
1098,11.888,635,397
1099,11.898,635,397
1100,11.908,635,397
1101,11.918,635,397
1102,11.928,635,397
1103,11.938,634,397
1104,11.948,634,397
1105,11.958,634,397
1106,11.968,633,397
1107,11.978,633,397
1108,11.988,633,397
1109,11.998,632,397
1110,12.008,629,397
1111,12.018,627,397
1112,12.028,625,397
1113,12.038,624,397
1114,12.048,624,397
1115,12.058,624,397
1116,12.068,624,397
1117,12.078,624,397
1118,12.088,624,397
1119,12.098,624,397
1120,12.108,624,397
1121,12.118,624,397
1122,12.128,624,397
1123,12.138,624,397
1124,12.148,624,397
1125,12.158,624,397
1126,12.168,624,396
1127,12.178,623,396
1128,12.188,623,396
1129,12.198,623,396
1130,12.208,623,396
1131,12.218,622,396
1132,12.228,622,396
1133,12.238,622,396
1134,12.248,622,396
1135,12.258,622,396
1136,12.268,622,395
1137,12.278,621,395
1138,12.288,621,395
1139,12.298,620,395
1140,12.308,620,395
1141,12.318,620,394
1142,12.328,620,394
1143,12.338,620,393
1144,12.348,620,393
1145,12.358,620,393
1146,12.368,620,393
1147,12.378,619,392
1148,12.388,619,392
1149,12.398,619,391
1150,12.408,619,391
1151,12.418,619,391
1152,12.428,618,391
1153,12.438,618,390
1154,12.448,618,389
1155,12.458,617,389
1156,12.468,617,389
1157,12.478,617,389
1158,12.488,617,388
1159,12.498,617,387
1160,12.508,617,387
1161,12.518,616,387
1162,12.528,616,386
1163,12.538,615,385
1164,12.548,615,384
1165,12.558,614,384
1166,12.568,614,384
1167,12.578,613,383
1168,12.588,613,382
1169,12.598,613,382
1170,12.608,613,381
1171,12.618,612,381
1172,12.628,612,380
1173,12.638,611,379
1174,12.648,611,379
1175,12.658,610,378
1176,12.668,610,378
1177,12.678,610,378
1178,12.688,610,377
1179,12.698,610,376
1180,12.708,610,377
1181,12.718,610,377
1182,12.728,610,378
1183,12.738,610,378
1184,12.748,610,378
1185,12.758,610,378
1186,12.768,610,378
1187,12.778,610,378
1188,12.788,610,378
1189,12.798,610,378
1190,12.808,610,378
1191,12.818,610,378
1192,12.828,610,378
1193,12.838,610,378
1194,12.848,610,377
1195,12.858,610,376
1196,12.868,610,376
1197,12.878,609,375
1198,12.888,609,374
1199,12.898,609,373
1200,12.908,608,372
1201,12.918,608,372
1202,12.928,607,372
1203,12.938,606,372
1204,12.948,605,372
1205,12.958,604,372
1206,12.968,602,371
1207,12.978,601,371
1208,12.988,599,370
1209,12.998,597,370
1210,13.008,597,369
1211,13.018,596,368
1212,13.028,595,367
1213,13.038,595,366
1214,13.048,596,365
1215,13.058,596,365
1216,13.068,596,365
1217,13.078,597,366
1218,13.088,598,366
1219,13.098,599,366
1220,13.108,601,366
1221,13.118,601,366
1222,13.128,601,365
1223,13.138,601,365
1224,13.148,601,365
1225,13.158,601,365
1226,13.168,601,365
1227,13.178,601,364
1228,13.188,601,364
1229,13.198,601,364
1230,13.208,601,364
1231,13.218,601,364
1232,13.228,601,364
1233,13.238,601,364
1234,13.248,601,364
1235,13.258,601,364
1236,13.268,601,364
1237,13.278,601,364
1238,13.288,601,364
1239,13.298,601,364
1240,13.308,601,363
1241,13.318,601,363
1242,13.328,601,363
1243,13.338,601,363
1244,13.348,601,363
1245,13.358,601,363
1246,13.368,601,363
1247,13.378,601,364
1248,13.388,601,364
1249,13.398,601,364
1250,13.408,601,364
1251,13.418,602,364
1252,13.428,602,364
1253,13.438,603,364
1254,13.448,603,364
1255,13.458,603,364
1256,13.468,603,364
1257,13.478,603,364
1258,13.488,604,364
1259,13.498,604,364
1260,13.508,604,364
1261,13.518,604,364
1262,13.528,604,364
1263,13.538,604,364
1264,13.548,605,364
1265,13.558,605,364
1266,13.568,605,364
1267,13.578,605,364
1268,13.588,606,364
1269,13.598,606,364
1270,13.608,606,364
1271,13.618,607,365
1272,13.628,607,365
1273,13.638,607,366
1274,13.648,607,366
1275,13.658,608,367
1276,13.668,608,368
1277,13.678,608,368
1278,13.688,609,368
1279,13.698,609,368
1280,13.708,609,368
1281,13.718,609,368
1282,13.728,610,369
1283,13.738,610,369
1284,13.748,610,369
1285,13.758,610,369
1286,13.768,611,369
1287,13.778,612,370
1288,13.788,612,370
1289,13.798,612,370
1290,13.808,613,370
1291,13.818,613,371
1292,13.828,613,371
1293,13.838,613,372
1294,13.848,613,372
1295,13.858,613,372
1296,13.868,614,372
1297,13.878,614,372
1298,13.888,615,372
1299,13.898,615,373
1300,13.908,615,373
1301,13.918,616,373
1302,13.928,616,373
1303,13.938,617,373
1304,13.948,617,374
1305,13.958,617,374
1306,13.968,617,374
1307,13.978,618,374
1308,13.988,618,375
1309,13.998,618,375
1310,14.008,619,375
1311,14.018,619,376
1312,14.028,620,376
1313,14.038,620,376
1314,14.048,621,376
1315,14.058,621,377
1316,14.068,621,377
1317,14.078,622,377
1318,14.088,622,378
1319,14.098,622,378
1320,14.108,623,379
1321,14.118,624,379
1322,14.128,624,379
1323,14.138,625,379
1324,14.148,625,380
1325,14.158,625,380
1326,14.168,626,381
1327,14.178,626,381
1328,14.188,626,381
1329,14.198,627,382
1330,14.208,628,382
1331,14.218,628,382
1332,14.228,628,383
1333,14.238,629,383
1334,14.248,629,384
1335,14.258,629,384
1336,14.268,630,384
1337,14.278,630,385
1338,14.288,631,385
1339,14.298,631,386
1340,14.308,632,386
1341,14.318,632,387
1342,14.328,633,387
1343,14.338,633,388
1344,14.348,633,388
1345,14.358,633,389
1346,14.368,633,389
1347,14.378,633,390
1348,14.388,633,390
1349,14.398,633,390
1350,14.408,634,391
1351,14.418,634,391
1352,14.428,634,392
1353,14.438,634,392
1354,14.448,634,393
1355,14.458,634,393
1356,14.468,634,394
1357,14.478,634,394
1358,14.488,634,395
1359,14.498,634,395
1360,14.508,634,395
1361,14.518,634,396
1362,14.528,634,396
1363,14.538,634,397
1364,14.548,634,397
1365,14.558,634,398
1366,14.568,634,398
1367,14.578,634,398
1368,14.588,635,399
1369,14.598,635,399
1370,14.608,635,399
1371,14.618,635,399
1372,14.628,636,400
1373,14.638,636,400
1374,14.648,636,401
1375,14.658,637,401
1376,14.668,637,402
1377,14.678,637,403
1378,14.688,637,403
1379,14.698,638,404
1380,14.708,638,404
1381,14.718,638,405
1382,14.728,638,405
1383,14.738,638,405
1384,14.748,639,406
1385,14.758,639,406
1386,14.768,640,407
1387,14.778,640,407
1388,14.788,640,408
1389,14.798,640,408
1390,14.808,640,408
1391,14.818,641,408
1392,14.828,641,408
1393,14.838,642,408
1394,14.848,643,408
1395,14.858,643,408
1396,14.868,644,408
1397,14.878,644,408
1398,14.888,644,408
1399,14.898,644,408
1400,14.908,644,408
1401,14.918,644,408
1402,14.928,644,408
1403,14.938,644,408
1404,14.948,644,408
1405,14.958,644,408
1406,14.968,644,408
1407,14.978,644,408
1408,14.988,644,408
1409,14.998,644,408
1410,15.008,644,408
1411,15.018,644,408
1412,15.028,644,408
1413,15.038,644,408
1414,15.048,644,408
1415,15.058,645,408
1416,15.068,645,408
1417,15.078,646,408
1418,15.088,647,408
1419,15.098,648,408
1420,15.108,649,408
1421,15.118,650,408
1422,15.128,652,408
1423,15.138,653,408
1424,15.148,654,408
1425,15.158,654,408
1426,15.168,654,409
1427,15.178,654,409
1428,15.188,655,409
1429,15.198,656,410
1430,15.208,656,410
1431,15.218,656,411
1432,15.228,656,411
1433,15.238,656,411
1434,15.248,656,411
1435,15.258,656,411
1436,15.268,656,411
1437,15.278,656,411
1438,15.288,656,411
1439,15.298,656,411
1440,15.308,656,411
1441,15.318,656,412
1442,15.328,656,412
1443,15.338,656,412
1444,15.348,656,413
1445,15.358,657,414
1446,15.368,657,415
1447,15.378,657,416
1448,15.388,657,417
1449,15.398,657,419
1450,15.408,657,421
1451,15.418,657,422
1452,15.428,657,421
1453,15.438,657,421
1454,15.448,657,421
1455,15.458,657,421
1456,15.468,657,421
1457,15.478,658,421
1458,15.488,658,422
1459,15.498,658,422
1460,15.508,658,422
1461,15.518,658,422
1462,15.528,658,422
1463,15.538,658,422
1464,15.548,658,422
1465,15.558,659,422
1466,15.568,659,422
1467,15.578,659,423
1468,15.588,660,423
1469,15.598,660,423
1470,15.608,660,423
1471,15.618,660,423
1472,15.628,660,423
1473,15.638,661,424
1474,15.648,661,424
1475,15.658,661,424
1476,15.668,661,424
1477,15.678,661,424
1478,15.688,661,424
1479,15.698,661,425
1480,15.708,661,425
1481,15.718,662,425
1482,15.728,662,425
1483,15.738,662,425
1484,15.748,662,425
1485,15.758,662,426
1486,15.768,663,426
1487,15.778,663,426
1488,15.788,664,427
1489,15.798,664,427
1490,15.808,664,427
1491,15.818,664,427
1492,15.828,664,427
1493,15.838,664,428
1494,15.848,665,428
1495,15.858,665,428
1496,15.868,665,428
1497,15.878,665,428
1498,15.888,665,429
1499,15.898,665,429
1500,15.908,666,429
1501,15.918,666,429
1502,15.928,667,429
1503,15.938,668,429
1504,15.948,668,429
1505,15.958,668,429
1506,15.968,668,429
1507,15.978,669,429
1508,15.988,669,429
1509,15.998,670,429
1510,16.008,670,429
1511,16.018,670,429
1512,16.028,670,429
1513,16.038,670,429
1514,16.048,671,429
1515,16.058,671,429
1516,16.068,671,429
1517,16.078,672,429
1518,16.088,672,429
1519,16.098,672,429
1520,16.108,673,429
1521,16.118,673,429
1522,16.128,673,429
1523,16.138,674,429
1524,16.148,674,429
1525,16.158,674,429
1526,16.168,674,429
1527,16.178,675,429
1528,16.188,676,429
1529,16.198,676,429
1530,16.208,677,429
1531,16.218,677,429
1532,16.228,677,429
1533,16.238,678,429
1534,16.248,678,429
1535,16.258,678,429
1536,16.268,678,429
1537,16.278,679,429
1538,16.288,679,429
1539,16.298,680,430
1540,16.308,680,430
1541,16.318,680,430
1542,16.328,680,431
1543,16.338,680,432
1544,16.348,681,434
1545,16.358,681,436
1546,16.368,681,438
1547,16.378,681,439
1548,16.388,682,442
1549,16.398,683,443
1550,16.408,683,442
1551,16.418,683,442
1552,16.428,684,442
1553,16.438,684,442
1554,16.448,685,443
1555,16.458,685,443
1556,16.468,685,443
1557,16.478,686,444
1558,16.488,686,444
1559,16.498,686,444
1560,16.508,687,444
1561,16.518,687,444
1562,16.528,688,445
1563,16.538,688,445
1564,16.548,688,446
1565,16.558,689,446
1566,16.568,689,446
1567,16.578,689,446
1568,16.588,690,447
1569,16.598,690,447
1570,16.608,690,447
1571,16.618,691,448
1572,16.628,691,448
1573,16.638,692,448
1574,16.648,692,448
1575,16.658,692,449
1576,16.669,693,449
1577,16.679,693,449
1578,16.689,693,450
1579,16.699,694,450
1580,16.709,694,451
1581,16.719,694,451
1582,16.729,695,451
1583,16.739,695,452
1584,16.749,695,452
1585,16.759,696,452
1586,16.769,696,452
1587,16.779,696,453
1588,16.789,697,453
1589,16.799,697,454
1590,16.809,697,454
1591,16.819,698,454
1592,16.829,698,454
1593,16.839,698,455
1594,16.849,698,455
1595,16.859,698,455
1596,16.869,698,455
1597,16.879,698,455
1598,16.889,698,455
1599,16.899,698,455
1600,16.909,698,455
1601,16.919,698,455
1602,16.929,698,455
1603,16.939,698,455
1604,16.949,698,455
1605,16.959,698,455
1606,16.969,698,455
1607,16.979,698,455
1608,16.989,698,455
1609,16.999,698,455
1610,17.009,698,455
1611,17.019,698,455
1612,17.029,698,455
1613,17.039,698,455
1614,17.049,698,455
1615,17.059,698,455
1616,17.069,698,455
1617,17.079,698,455
1618,17.089,698,455
1619,17.099,698,455
1620,17.109,698,455
1621,17.119,698,455
1622,17.129,698,455
1623,17.139,698,455
1624,17.149,698,455
1625,17.159,698,455
1626,17.169,698,455
1627,17.179,699,455
1628,17.189,699,455
1629,17.199,699,455
1630,17.209,700,455
1631,17.219,700,456
1632,17.229,700,456
1633,17.239,700,456
1634,17.249,700,456
1635,17.259,700,457
1636,17.269,700,457
1637,17.279,700,457
1638,17.289,701,457
1639,17.299,701,457
1640,17.309,701,457
1641,17.319,701,457
1642,17.329,701,457
1643,17.339,701,458
1644,17.349,701,458
1645,17.359,701,458
1646,17.369,701,458
1647,17.379,701,458
1648,17.389,701,458
1649,17.399,701,458
1650,17.409,701,458
1651,17.419,702,458
1652,17.429,702,458
1653,17.439,702,458
1654,17.449,702,459
1655,17.459,702,459
1656,17.469,702,459
1657,17.479,702,459
1658,17.489,702,459
1659,17.499,702,459
1660,17.509,702,459
1661,17.519,702,459
1662,17.529,702,459
1663,17.539,702,459
1664,17.549,703,460
1665,17.559,704,461
1666,17.569,706,462
1667,17.579,707,464
1668,17.589,709,467
1669,17.599,712,469
1670,17.609,713,470
1671,17.619,714,469
1672,17.629,714,469
1673,17.639,714,469
1674,17.649,714,469
1675,17.659,713,468
1676,17.669,712,468
1677,17.679,711,467
1678,17.689,710,467
1679,17.699,710,467
1680,17.709,709,466
1681,17.719,709,466
1682,17.729,709,466
1683,17.739,709,466
1684,17.749,709,466
1685,17.759,709,466
1686,17.769,709,466
1687,17.779,709,466
1688,17.789,709,466
1689,17.799,709,466
1690,17.809,709,466
1691,17.819,709,466
1692,17.829,709,466
1693,17.839,709,466
1694,17.849,709,466
1695,17.859,709,466
1696,17.869,709,466
1697,17.879,709,466
1698,17.889,709,466
1699,17.899,709,466
1700,17.909,709,466
1701,17.919,709,466
1702,17.929,709,466
1703,17.939,709,466
1704,17.949,709,466
1705,17.959,709,466
1706,17.969,709,466
1707,17.979,709,466
1708,17.989,709,466
1709,17.999,709,466
1710,18.009,709,466
1711,18.019,709,466
1712,18.029,709,466
1713,18.039,709,466
1714,18.049,709,466
1715,18.059,709,466
1716,18.069,709,466
1717,18.079,709,466
1718,18.089,709,466
1719,18.099,709,466
1720,18.109,709,466
1721,18.119,709,466
1722,18.129,709,466
1723,18.139,709,466
1724,18.149,709,466
1725,18.159,709,466
1726,18.169,709,466
1727,18.179,709,466
1728,18.189,709,466
1729,18.199,709,466
1730,18.209,709,466
1731,18.219,709,466
1732,18.229,709,466
1733,18.239,709,466
1734,18.249,709,466
1735,18.259,709,466
1736,18.269,709,466
1737,18.279,709,466
1738,18.289,709,466
1739,18.299,709,466
1740,18.309,709,466
1741,18.319,709,466
1742,18.329,709,467
1743,18.339,710,468
1744,18.349,711,469
1745,18.359,713,471
1746,18.369,715,472
1747,18.379,717,472
1748,18.389,716,471
1749,18.399,716,471
1750,18.409,716,471
1751,18.419,716,471
1752,18.429,716,471
1753,18.439,716,471
1754,18.449,715,471
1755,18.459,715,471
1756,18.469,715,471
1757,18.479,715,471
1758,18.489,715,471
1759,18.499,715,471
1760,18.509,715,471
1761,18.519,715,471
1762,18.529,715,471
1763,18.539,715,471
1764,18.549,715,471
1765,18.559,715,471
1766,18.569,715,471
1767,18.579,715,471
1768,18.589,715,471
1769,18.599,715,471
1770,18.609,715,471
1771,18.619,715,471
1772,18.629,715,471
1773,18.639,715,471
1774,18.649,715,471
1775,18.659,715,471
1776,18.669,715,471
1777,18.679,715,471
1778,18.689,715,471
1779,18.699,715,471
1780,18.709,715,471
1781,18.719,715,471
1782,18.729,715,471
1783,18.739,715,471
1784,18.749,715,471
1785,18.759,715,471
1786,18.769,715,471
1787,18.779,715,471
1788,18.789,715,471
1789,18.799,715,471
1790,18.809,715,471
1791,18.819,715,471
1792,18.829,715,471
1793,18.839,715,471
1794,18.849,715,471
1795,18.859,715,471
1796,18.869,715,471
1797,18.879,715,471
1798,18.889,715,471
1799,18.899,715,471
1800,18.909,715,471
1801,18.919,715,471
1802,18.929,715,471
1803,18.939,715,471
1804,18.949,715,471
1805,18.959,715,471
1806,18.969,715,471
1807,18.979,715,471
1808,18.989,715,471
1809,18.999,715,471
1810,19.009,715,471
1811,19.019,715,471
1812,19.029,715,471
1813,19.039,715,471
1814,19.049,715,471
1815,19.059,715,471
1816,19.069,715,471
1817,19.079,715,471
1818,19.089,715,471
1819,19.099,715,471
1820,19.109,715,471
1821,19.119,715,471
1822,19.129,715,471
1823,19.139,715,471
1824,19.149,715,471
1825,19.159,715,471
1826,19.169,715,471
1827,19.179,715,471
1828,19.189,715,471
1829,19.199,715,471
1830,19.209,715,471
1831,19.219,715,471
1832,19.229,715,471
1833,19.239,715,471
1834,19.249,715,471
1835,19.259,715,471
1836,19.269,715,471
1837,19.279,715,471
1838,19.289,715,471
1839,19.299,715,471
1840,19.309,715,471
1841,19.319,715,471
1842,19.329,715,471
1843,19.339,715,471
1844,19.349,715,471
1845,19.359,715,471
1846,19.369,715,471
1847,19.379,715,471
1848,19.389,715,471
1849,19.399,715,471
1850,19.409,715,471
1851,19.419,715,471
1852,19.429,715,471
1853,19.439,715,471
1854,19.449,715,471
1855,19.459,715,471
1856,19.469,715,471
1857,19.479,715,471
1858,19.489,715,471
1859,19.499,715,471
1860,19.509,715,471
1861,19.519,715,471
1862,19.529,715,471
1863,19.539,715,471
1864,19.549,715,471
1865,19.559,715,471
1866,19.569,715,471
1867,19.579,715,471
1868,19.589,715,471
1869,19.599,715,471
1870,19.609,715,471
1871,19.619,715,471
1872,19.629,715,471
1873,19.639,715,471
1874,19.649,715,471
1875,19.659,715,471
1876,19.669,715,471
1877,19.679,715,471
1878,19.689,715,471
1879,19.699,715,471
1880,19.709,715,471
1881,19.719,715,471
1882,19.729,715,471
1883,19.739,715,471
1884,19.749,715,471
1885,19.759,715,471
1886,19.769,715,471
1887,19.779,715,471
1888,19.789,715,471
1889,19.799,715,471
1890,19.809,715,471
1891,19.819,715,471
1892,19.829,715,471
1893,19.839,715,471
1894,19.849,715,471
1895,19.859,715,471
1896,19.869,715,471
1897,19.879,715,471
1898,19.889,715,471
1899,19.899,715,471
1900,19.909,715,471
1901,19.919,715,471
1902,19.929,715,471
1903,19.939,715,471
1904,19.949,715,471
1905,19.959,715,471
1906,19.969,715,471
1907,19.979,715,471
1908,19.989,715,471
1909,19.999,715,471
1910,20.009,715,471
1911,20.019,715,471
1912,20.029,715,471
1913,20.039,715,471
1914,20.049,715,471
1915,20.059,715,471
1916,20.069,715,471
1917,20.079,715,471
1918,20.089,715,471
1919,20.099,715,471
1920,20.109,715,471
1921,20.119,715,471
1922,20.129,715,471
1923,20.139,715,471
1924,20.149,715,471
1925,20.159,715,471
1926,20.169,715,471
1927,20.179,715,471
1928,20.189,715,471
1929,20.199,715,471
1930,20.209,715,471
1931,20.219,715,471
1932,20.229,715,471
1933,20.239,715,471
1934,20.249,715,471
1935,20.259,715,471
1936,20.269,715,471
1937,20.279,715,471
1938,20.289,715,471
1939,20.299,715,471
1940,20.309,715,471
1941,20.319,715,471
1942,20.329,715,471
1943,20.339,715,471
1944,20.349,715,471
1945,20.359,715,471
1946,20.369,715,471
1947,20.379,715,471
1948,20.389,715,471
1949,20.399,715,471
1950,20.409,715,471
1951,20.419,715,471
1952,20.429,715,471
1953,20.439,715,471
1954,20.449,715,471
1955,20.459,715,471
1956,20.469,715,471
1957,20.479,715,471
1958,20.489,715,471
1959,20.499,715,471
1960,20.509,715,471
1961,20.519,715,471
1962,20.529,715,471
1963,20.539,715,471
1964,20.549,715,471
1965,20.559,715,471
1966,20.569,715,471
1967,20.579,715,471
1968,20.589,715,471
1969,20.599,715,471
1970,20.609,715,471
1971,20.619,715,471
1972,20.629,715,471
1973,20.639,715,471
1974,20.649,715,471
1975,20.659,715,471
1976,20.669,715,471
1977,20.679,715,471
1978,20.689,715,471
1979,20.699,715,471
1980,20.709,715,471
1981,20.719,715,471
1982,20.729,715,471
1983,20.739,715,471
1984,20.749,715,471
1985,20.759,715,471
1986,20.769,715,471
1987,20.779,715,471
1988,20.789,715,471
1989,20.799,715,471
1990,20.809,715,471
1991,20.819,715,471
1992,20.829,715,471
1993,20.839,715,471
1994,20.849,715,471
1995,20.859,715,471
1996,20.869,715,471
1997,20.879,715,471
1998,20.889,715,471
1999,20.899,715,471
2000,20.909,715,471
2001,20.919,715,471
2002,20.929,715,471
2003,20.939,715,471
2004,20.949,715,471
2005,20.959,715,471
2006,20.969,715,471
2007,20.979,715,471
2008,20.989,715,471
2009,20.999,715,471
2010,21.009,715,471
2011,21.019,715,471
2012,21.029,715,471
2013,21.039,715,471
2014,21.049,715,471
2015,21.059,715,471
2016,21.069,715,471
2017,21.079,715,471
2018,21.089,715,471
2019,21.099,715,471
2020,21.109,715,471
2021,21.119,715,471
2022,21.129,715,471
2023,21.139,715,471
2024,21.149,715,471
2025,21.159,715,471
2026,21.169,715,471
2027,21.179,715,471
2028,21.189,715,471
2029,21.199,715,471
2030,21.209,715,471
2031,21.219,715,471
2032,21.229,715,471
2033,21.239,715,471
2034,21.249,715,471
2035,21.259,715,471
2036,21.269,715,471
2037,21.279,715,471
2038,21.289,715,471
2039,21.299,715,471
2040,21.309,715,471
2041,21.319,715,471
2042,21.329,715,471
2043,21.339,715,471
2044,21.349,715,471
2045,21.359,715,471
2046,21.369,715,471
2047,21.379,715,471
2048,21.389,715,471
2049,21.399,715,471
2050,21.409,715,471
2051,21.419,715,471
2052,21.429,715,471
2053,21.439,715,471
2054,21.449,715,471
2055,21.459,715,471
2056,21.469,715,471
2057,21.479,715,471
2058,21.489,715,471
2059,21.499,715,471
2060,21.509,715,471
2061,21.519,715,471
2062,21.529,715,471
2063,21.539,715,471
2064,21.549,715,471
2065,21.559,715,471
2066,21.569,715,471
2067,21.579,715,471
2068,21.589,715,471
2069,21.599,715,471
2070,21.609,715,471
2071,21.619,715,471
2072,21.629,715,471
2073,21.639,715,471
2074,21.649,715,471
2075,21.659,715,471
2076,21.669,715,471
2077,21.679,715,471
2078,21.689,715,471
2079,21.699,715,471
2080,21.709,715,471
2081,21.719,715,471
2082,21.729,715,471
2083,21.739,715,471
2084,21.749,715,471
2085,21.759,715,471
2086,21.769,715,471
2087,21.779,715,471
2088,21.789,715,471
2089,21.799,715,471
2090,21.809,715,471
2091,21.819,715,471
2092,21.829,715,471
2093,21.839,715,471
2094,21.849,715,471
