0,5128974,7623,0,0,0,0
1,5128974,25,0,0,0,0
2,5128984,25,0,0,0,0
3,5128994,25,0,0,0,0
4,5129004,25,0,0,0,0
5,5129014,25,0,0,0,0
6,5129024,25,0,0,0,0
7,5129034,25,0,0,0,0
8,5129044,25,0,0,0,0
9,5129054,25,0,0,0,0
10,5129064,25,25,0,0,0
11,5129074,25,25,0,0,0
12,5129084,25,25,0,0,0
13,5129094,25,25,0,23,0
14,5129104,25,25,0,23,0
15,5129114,25,21,0,23,0
16,5129124,25,18,0,23,0
17,5129134,25,15,0,23,0
18,5129144,25,14,0,23,0
19,5129154,25,14,0,19,0
20,5129164,25,14,0,17,0
21,5129174,25,14,0,17,9
22,5129184,25,14,0,17,9
23,5129194,25,14,0,17,9
24,5129204,25,22,0,17,9
25,5129214,25,22,0,17,9
26,5129224,25,22,17,17,9
27,5129234,25,22,17,20,9
28,5129244,25,22,17,20,18
29,5129254,25,22,17,20,18
30,5129264,25,22,17,20,18
31,5129274,25,22,17,20,18
32,5129284,25,22,19,22,18
33,5129294,25,22,19,22,22
34,5129304,25,22,19,22,22
35,5129314,25,23,19,22,22
36,5129324,25,23,19,22,22
37,5129334,25,23,19,23,22
38,5129344,25,23,20,23,22
39,5129354,25,23,20,23,23
40,5129364,25,23,20,23,23
41,5129374,25,23,20,23,23
42,5129384,25,23,20,26,23
43,5129394,25,23,24,26,27
44,5129404,25,29,24,26,27
45,5129414,25,29,24,26,27
46,5129424,25,29,24,30,27
47,5129434,25,29,24,30,27
48,5129444,25,33,28,30,27
49,5129454,25,33,28,34,27
50,5129464,25,33,28,34,27
51,5129474,25,32,32,34,31
52,5129484,25,32,32,34,31
53,5129494,25,32,32,35,31
54,5129504,25,32,32,35,31
55,5129514,25,36,30,35,36
56,5129524,25,36,30,37,36
57,5129534,25,36,30,37,36
58,5129544,25,38,30,37,32
59,5129554,25,38,33,37,32
60,5129564,25,38,33,36,32
61,5129574,25,38,33,36,36
62,5129584,25,38,38,36,36
63,5129594,25,38,38,34,36
64,5129604,25,38,38,34,36
65,5129614,25,34,38,34,31
66,5129624,25,34,35,34,31
67,5129634,25,34,35,34,31
68,5129644,25,38,35,34,31
69,5129654,25,38,36,34,36
70,5129664,25,38,36,37,36
71,5129674,25,42,36,37,36
72,5129684,25,42,38,42,38
73,5129694,25,42,38,42,38
74,5129704,25,42,38,42,38
75,5129714,25,42,40,45,40
76,5129724,25,42,40,45,40
77,5129734,25,45,40,45,40
78,5129744,25,45,39,47,40
79,5129754,25,46,34,47,40
80,5129764,25,46,34,47,40
81,5129774,25,46,34,44,42
82,5129784,25,43,37,44,42
83,5129794,25,42,37,44,42
84,5129804,25,42,37,38,39
85,5129814,25,41,37,38,39
86,5129824,25,41,34,38,39
87,5129834,25,41,34,39,40
88,5129844,25,40,34,39,40
89,5129854,25,39,37,39,40
90,5129864,25,39,37,42,35
91,5129874,25,39,37,42,35
92,5129884,25,41,41,42,35
93,5129894,25,41,41,48,35
94,5129904,25,43,41,48,43
95,5129914,25,43,45,51,43
96,5129924,25,43,45,51,43
97,5129934,25,45,44,49,44
98,5129944,25,45,42,49,44
99,5129954,25,49,42,49,48
100,5129964,25,49,42,49,48
101,5129974,25,49,41,49,48
102,5129984,25,50,41,39,47
103,5129994,25,50,40,38,47
104,5130004,25,49,39,38,39
105,5130014,25,49,39,38,39
106,5130024,25,49,39,33,39
107,5130034,25,43,43,33,43
108,5130044,25,43,43,33,43
109,5130054,25,43,43,43,43
110,5130064,25,42,43,43,45
111,5130074,25,42,43,43,45
112,5130084,25,42,49,48,45
113,5130094,25,46,49,48,44
114,5130104,25,46,52,51,44
115,5130114,25,48,52,51,44
116,5130124,25,48,57,51,49
117,5130134,25,48,57,51,49
118,5130144,25,50,54,51,50
119,5130154,25,50,54,49,50
120,5130164,25,50,54,49,52
121,5130174,25,50,53,49,52
122,5130184,25,50,53,43,52
123,5130194,25,49,49,43,46
124,5130204,25,49,49,43,46
125,5130214,25,50,49,39,50
126,5130224,25,50,50,39,50
127,5130234,25,50,50,39,50
128,5130244,25,50,50,45,47
129,5130254,25,50,49,45,47
130,5130264,25,52,49,49,49
131,5130274,25,52,52,49,49
132,5130284,25,53,52,49,49
133,5130294,25,53,51,53,49
134,5130304,25,52,51,53,49
135,5130314,25,52,54,53,52
136,5130324,25,52,54,53,52
137,5130334,25,51,54,54,52
138,5130344,25,51,54,54,52
139,5130354,25,48,54,49,52
140,5130364,25,48,56,48,53
141,5130374,25,48,56,48,53
142,5130384,25,48,53,44,51
143,5130394,25,48,53,44,51
144,5130404,25,49,53,44,53
145,5130414,25,49,54,47,53
146,5130424,25,49,54,47,53
147,5130434,25,51,53,50,52
148,5130444,25,51,53,50,52
149,5130454,25,52,55,50,56
150,5130464,25,52,55,54,56
151,5130474,25,52,52,54,54
152,5130484,25,54,52,57,54
153,5130494,25,54,52,57,53
154,5130504,25,55,52,56,53
155,5130514,25,55,52,56,53
156,5130524,25,56,51,51,47
157,5130534,25,56,51,51,47
158,5130544,25,52,51,51,47
159,5130554,25,52,52,48,48
160,5130564,25,52,52,48,48
161,5130574,25,48,51,48,46
162,5130584,25,48,51,48,46
163,5130594,25,49,53,48,46
164,5130604,25,49,53,49,49
165,5130614,25,49,52,49,49
166,5130624,25,50,52,52,49
167,5130634,25,50,52,52,49
168,5130644,25,53,54,56,53
169,5130654,25,53,54,56,53
170,5130664,25,53,51,56,53
171,5130674,25,52,51,58,52
172,5130684,25,52,51,58,52
173,5130694,25,50,52,52,52
174,5130704,25,50,52,52,51
175,5130714,25,50,50,50,51
176,5130724,25,45,50,45,48
177,5130734,25,45,51,45,48
178,5130744,25,44,51,44,48
179,5130754,25,44,51,44,50
180,5130764,25,44,49,44,50
181,5130774,25,46,49,47,49
182,5130784,25,46,51,47,49
183,5130794,25,48,51,51,51
184,5130804,25,48,51,51,51
185,5130814,25,48,51,51,51
186,5130824,25,51,54,54,50
187,5130834,25,51,54,54,50
188,5130844,25,51,54,55,55
189,5130854,25,53,50,55,55
190,5130864,25,53,50,51,51
191,5130874,25,54,50,51,51
192,5130884,25,54,50,49,50
193,5130894,25,55,50,47,49
194,5130904,25,55,50,47,49
195,5130914,25,55,50,44,46
196,5130924,25,55,50,40,46
197,5130934,25,55,51,40,46
198,5130944,25,53,51,42,47
199,5130954,25,53,47,42,47
200,5130964,25,49,47,42,47
201,5130974,25,49,47,48,46
202,5130984,25,48,51,48,46
203,5130994,25,48,51,48,51
204,5131004,25,48,51,52,51
205,5131014,25,47,51,52,52
206,5131024,25,47,51,53,52
207,5131034,25,45,51,53,52
208,5131044,25,45,51,47,53
209,5131054,25,45,46,47,53
210,5131064,25,45,46,47,50
211,5131074,25,45,46,43,50
212,5131084,25,45,48,43,50
213,5131094,25,45,48,43,49
214,5131104,25,45,45,41,49
215,5131114,25,45,45,41,47
216,5131124,25,46,45,41,47
217,5131134,25,46,47,47,47
218,5131144,25,49,47,47,50
219,5131154,25,49,49,51,50
220,5131164,25,49,49,51,51
221,5131174,25,52,49,53,51
222,5131184,25,52,53,53,56
223,5131194,25,54,53,53,56
224,5131204,25,54,52,54,54
225,5131214,25,56,52,54,54
226,5131224,25,56,53,53,54
227,5131234,25,56,53,53,53
228,5131244,25,55,51,51,53
229,5131254,25,55,51,46,51
230,5131264,25,54,51,46,51
231,5131274,25,54,55,40,51
232,5131284,25,54,55,39,53
233,5131294,25,54,54,39,53
234,5131304,25,51,54,39,50
235,5131314,25,51,56,42,50
236,5131324,25,51,56,42,50
237,5131334,25,51,56,49,51
238,5131344,25,51,56,49,51
239,5131354,25,53,56,54,52
240,5131364,25,53,55,54,52
241,5131374,25,53,55,56,56
242,5131384,25,53,49,56,56
243,5131394,25,53,49,56,53
244,5131404,25,53,52,52,53
245,5131414,25,53,52,52,51
246,5131424,25,54,52,45,51
247,5131434,25,54,53,45,51
248,5131444,25,54,53,45,48
249,5131454,25,54,55,44,48
250,5131464,25,54,55,44,48
251,5131474,25,54,53,44,50
252,5131484,25,54,53,51,50
253,5131494,25,55,56,51,50
254,5131504,25,55,56,55,50
255,5131514,25,55,56,55,54
256,5131524,25,55,52,57,54
257,5131534,25,54,52,57,52
258,5131544,25,54,48,56,52
259,5131554,25,52,48,56,54
260,5131564,25,52,48,53,54
261,5131574,25,52,48,53,54
262,5131584,25,51,48,53,51
263,5131594,25,51,54,49,51
264,5131604,25,49,54,49,55
265,5131614,25,49,54,51,55
266,5131624,25,49,54,51,55
267,5131634,25,48,57,53,54
268,5131644,25,48,57,53,54
269,5131654,25,49,57,53,57
270,5131664,25,49,56,54,57
271,5131674,25,49,56,54,53
272,5131684,25,53,55,57,53
273,5131694,25,53,55,57,52
274,5131704,25,55,49,57,52
275,5131714,25,55,47,57,52
276,5131724,25,57,47,53,48
277,5131734,25,57,48,53,48
278,5131744,25,57,48,53,48
279,5131754,25,57,47,48,48
280,5131764,25,50,47,48,48
281,5131774,25,50,47,48,48
282,5131784,25,50,49,49,48
283,5131794,25,48,49,49,51
284,5131804,25,48,49,52,51
285,5131814,25,51,49,52,51
286,5131824,25,51,49,54,50
287,5131834,25,51,52,54,50
288,5131844,25,52,52,57,52
289,5131854,25,52,50,57,52
290,5131864,25,52,49,59,52
291,5131874,25,53,49,59,51
292,5131884,25,53,49,59,51
293,5131894,25,52,49,55,52
294,5131904,25,52,49,55,52
295,5131914,25,50,48,47,51
296,5131924,25,50,48,47,51
297,5131934,25,50,49,47,54
298,5131944,25,50,49,45,54
299,5131954,25,50,49,45,54
300,5131964,25,51,49,46,51
301,5131974,45,51,49,46,51
302,5131984,45,52,52,46,53
303,5131994,45,52,52,50,53
304,5132004,45,54,51,50,51
305,5132014,45,54,51,54,51
306,5132024,45,54,55,54,51
307,5132034,45,60,55,65,59
308,5132044,45,69,55,65,70
309,5132054,45,69,65,75,70
310,5132064,45,73,78,64,74
311,5132074,45,73,76,64,74
312,5132084,45,75,76,64,61
313,5132094,45,78,66,51,61
314,5132104,45,78,66,51,64
315,5132114,45,72,55,61,64
316,5132124,45,72,51,61,66
317,5132134,45,64,51,73,72
318,5132144,45,64,57,79,72
319,5132154,45,69,57,79,70
320,5132164,45,69,67,79,70
321,5132174,45,75,76,72,74
322,5132184,45,79,76,72,74
323,5132194,45,82,78,64,74
324,5132204,45,82,81,64,73
325,5132214,45,83,81,66,73
326,5132224,45,83,75,66,72
327,5132234,45,78,78,76,81
328,5132244,45,74,78,85,81
329,5132254,45,74,75,90,86
330,5132264,45,77,75,90,93
331,5132274,45,85,81,92,91
332,5132284,45,91,81,90,91
333,5132294,45,91,81,90,92
334,5132304,45,96,90,77,78
335,5132314,45,96,91,77,78
336,5132324,45,92,95,70,77
337,5132334,45,90,95,76,78
338,5132344,45,82,89,85,78
339,5132354,45,83,87,85,88
340,5132364,45,83,82,92,91
341,5132374,45,89,82,96,99
342,5132384,45,96,86,97,99
343,5132394,45,101,87,97,97
344,5132404,45,101,87,94,100
345,5132414,45,103,96,90,93
346,5132424,45,104,96,90,93
347,5132434,45,102,102,90,90
348,5132444,45,92,99,93,90
349,5132454,45,92,100,97,98
350,5132464,45,88,100,101,98
351,5132474,45,93,92,101,97
352,5132484,45,98,95,102,100
353,5132494,45,101,95,100,91
354,5132504,45,101,95,94,91
355,5132514,45,101,100,92,93
356,5132524,45,100,97,92,92
357,5132534,45,96,96,95,99
358,5132544,45,93,94,99,98
359,5132554,45,93,91,102,98
360,5132564,45,97,93,104,102
361,5132574,45,102,90,101,98
362,5132584,45,105,90,101,101
363,5132594,45,105,95,97,98
364,5132604,45,105,92,94,104
365,5132614,45,105,97,97,104
366,5132624,45,100,94,99,101
367,5132634,45,96,94,99,106
368,5132644,45,96,99,102,103
369,5132654,45,95,95,104,108
370,5132664,45,99,100,103,101
371,5132674,45,101,100,102,101
372,5132684,45,104,99,101,97
373,5132694,45,105,104,102,97
374,5132704,45,108,101,102,101
375,5132714,45,108,104,104,99
376,5132724,45,109,100,106,106
377,5132734,45,109,103,108,106
378,5132744,45,110,99,107,103
379,5132754,45,110,99,107,108
380,5132764,45,109,103,104,99
381,5132774,45,106,100,102,96
382,5132784,45,103,104,105,96
383,5132794,45,103,99,106,94
384,5132804,45,102,101,109,101
385,5132814,45,103,101,109,101
386,5132824,45,105,96,108,108
387,5132834,45,108,99,106,106
388,5132844,45,108,96,106,111
389,5132854,45,109,101,106,106
390,5132864,45,109,101,108,110
391,5132874,45,108,99,109,107
392,5132884,45,108,103,110,107
393,5132894,45,110,101,112,114
394,5132904,45,111,105,108,111
395,5132914,45,114,105,101,113
396,5132924,45,113,105,97,101
397,5132934,45,113,110,97,96
398,5132944,45,111,108,99,96
399,5132954,45,111,113,102,93
400,5132964,45,111,109,107,101
401,5132974,45,111,113,108,102
402,5132984,45,113,107,108,110
403,5132994,45,115,109,108,108
404,5133004,45,117,109,106,113
405,5133014,45,116,108,106,107
406,5133024,45,115,112,106,107
407,5133034,45,115,111,108,108
408,5133044,45,111,115,109,103
409,5133054,45,111,110,112,109
410,5133064,45,112,109,113,107
411,5133074,45,112,103,111,112
412,5133084,45,113,108,108,110
413,5133094,45,112,105,108,105
414,5133104,45,110,109,109,103
415,5133114,45,106,109,109,99
416,5133124,45,106,106,110,105
417,5133134,45,108,109,111,102
418,5133144,45,109,102,109,107
419,5133154,45,111,102,107,104
420,5133164,45,111,105,106,109
421,5133174,45,111,101,107,109
422,5133184,45,111,103,107,104
423,5133194,45,109,101,109,109
424,5133204,45,110,105,109,105
425,5133214,45,110,101,111,110
426,5133224,45,111,104,110,108
427,5133234,45,113,101,109,113
428,5133244,45,115,101,108,113
429,5133254,45,116,107,109,108
430,5133264,45,115,105,110,106
431,5133274,45,113,109,110,102
432,5133284,45,115,106,112,106
433,5133294,45,116,111,113,104
434,5133304,45,118,111,114,110
435,5133314,45,118,108,113,110
436,5133324,45,118,113,111,107
437,5133334,45,116,109,111,108
438,5133344,45,114,113,113,97
439,5133354,45,113,108,113,101
440,5133364,45,113,109,113,101
441,5133374,45,113,103,113,99
442,5133384,45,115,105,113,107
443,5133394,45,118,105,112,106
444,5133404,45,120,100,111,112
445,5133414,45,120,103,112,108
446,5133424,45,119,101,112,112
447,5133434,45,117,105,109,109
448,5133444,45,118,103,110,114
449,5133454,45,119,103,109,114
450,5133464,45,120,109,108,118
451,5133474,45,119,112,109,115
452,5133484,45,118,112,109,113
453,5133494,45,117,110,109,101
454,5133504,45,113,117,109,101
455,5133514,45,111,113,109,104
456,5133524,45,113,116,109,103
457,5133534,45,115,111,106,111
458,5133544,45,117,116,108,111
459,5133554,45,118,113,108,109
460,5133564,45,118,117,110,109
461,5133574,45,118,113,110,109
462,5133584,45,117,118,111,109
463,5133594,45,115,118,111,105
464,5133604,45,115,120,112,111
465,5133614,45,116,113,111,109
466,5133624,45,118,115,111,114
467,5133634,45,113,115,110,111
468,5133644,45,109,111,110,115
469,5133654,45,107,115,111,109
470,5133664,45,108,111,111,113
471,5133674,45,109,111,112,113
472,5133684,45,110,107,109,113
473,5133694,45,109,109,106,113
474,5133704,45,109,106,106,108
475,5133714,45,108,110,106,111
476,5133724,45,106,105,107,106
477,5133734,45,106,105,108,109
478,5133744,45,107,106,110,109
479,5133754,45,107,101,110,106
480,5133764,45,109,105,109,111
481,5133774,45,111,100,109,109
482,5133784,45,115,100,108,113
483,5133794,45,114,106,107,110
484,5133804,45,114,104,108,114
485,5133814,45,115,111,109,109
486,5133824,45,115,108,111,113
487,5133834,45,115,112,112,109
488,5133844,45,115,109,112,115
489,5133854,45,114,113,113,112
490,5133864,45,115,111,112,117
491,5133874,45,113,111,112,108
492,5133884,45,112,115,113,108
493,5133894,45,112,111,114,108
494,5133904,45,110,114,114,103
495,5133914,45,111,107,113,109
496,5133924,45,112,109,113,108
497,5133934,45,115,103,112,116
498,5133944,45,115,106,111,111
499,5133954,45,114,102,112,115
500,5133964,45,110,106,111,111
501,5133974,45,109,106,109,116
502,5133984,45,109,103,110,116
503,5133994,45,109,109,109,111
504,5134004,45,110,106,107,118
505,5134014,45,112,113,107,115
506,5134024,45,113,112,106,119
507,5134034,45,114,116,107,110
508,5134044,45,114,113,106,106
509,5134054,45,113,118,106,101
510,5134064,45,115,112,108,108
511,5134074,45,117,112,106,108
512,5134084,45,117,116,107,108
513,5134094,45,116,112,107,114
514,5134104,45,115,115,108,112
515,5134114,45,113,112,108,115
516,5134124,45,112,118,108,108
517,5134134,45,109,113,108,110
518,5134144,45,109,118,110,106
519,5134154,45,112,113,110,113
520,5134164,45,113,113,110,110
521,5134174,45,115,113,111,115
522,5134184,45,110,106,111,109
523,5134194,45,106,111,110,109
524,5134204,45,102,108,110,109
525,5134214,45,103,113,111,105
526,5134224,45,105,108,110,109
527,5134234,45,105,111,108,106
528,5134244,45,106,104,106,109
529,5134254,45,107,107,106,106
530,5134264,45,108,103,106,109
531,5134274,45,107,106,107,103
532,5134284,45,108,106,108,103
533,5134294,45,108,102,109,108
534,5134304,45,110,106,109,105
535,5134314,45,113,102,107,111
536,5134324,45,114,105,106,108
537,5134334,45,115,105,105,113
538,5134344,45,115,101,106,108
539,5134354,45,111,106,106,113
540,5134364,45,109,104,107,108
541,5134374,45,109,110,109,112
542,5134384,45,109,106,111,112
543,5134394,45,111,111,112,110
544,5134404,45,110,106,111,114
545,5134414,45,110,106,110,111
546,5134424,45,110,112,111,113
547,5134434,45,110,108,111,102
548,5134444,45,110,113,111,104
549,5134454,45,110,109,112,103
550,5134464,45,113,111,112,101
551,5134474,45,115,105,111,109
552,5134484,45,115,105,109,108
553,5134494,45,114,101,109,114
554,5134504,45,114,101,110,111
555,5134514,45,112,106,105,115
556,5134524,45,109,103,103,110
557,5134534,45,109,109,103,115
558,5134544,45,110,105,105,112
559,5134554,45,112,111,106,120
560,5134564,45,111,108,106,115
561,5134574,45,114,113,107,115
562,5134584,45,114,111,107,115
563,5134594,45,115,116,106,103
564,5134604,45,114,113,106,103
565,5134614,45,115,113,106,100
566,5134624,45,115,115,105,100
567,5134634,45,113,111,102,108
568,5134644,45,113,115,103,115
569,5134654,45,113,109,105,111
570,5134664,45,110,115,107,113
571,5134674,45,110,111,108,113
572,5134684,45,105,117,108,106
573,5134694,45,106,113,109,109
574,5134704,45,109,118,111,107
575,5134714,45,109,113,112,113
576,5134724,45,111,108,111,109
577,5134734,45,110,108,111,112
578,5134744,45,110,105,109,106
579,5134754,45,109,111,109,108
580,5134764,45,106,108,110,108
581,5134774,45,108,111,110,104
582,5134784,45,108,106,111,110
583,5134794,45,108,106,109,106
584,5134804,45,108,106,109,111
585,5134814,45,108,101,106,111
586,5134824,45,108,106,106,111
587,5134834,45,108,103,107,111
588,5134844,45,108,109,109,105
589,5134854,45,111,104,109,111
590,5134864,45,113,107,109,107
591,5134874,45,114,101,109,112
592,5134884,45,115,101,108,110
593,5134894,45,115,104,106,114
594,5134904,45,113,101,106,108
595,5134914,45,111,108,107,108
596,5134924,45,111,105,108,110
597,5134934,45,112,111,110,107
598,5134944,45,112,111,111,113
599,5134954,45,112,107,110,109
600,5134964,45,112,109,109,115
601,5134974,65,113,108,109,110
602,5134984,65,112,113,109,108
603,5134994,65,112,110,111,99
604,5135004,65,112,114,113,99
605,5135014,65,118,114,116,107
606,5135024,65,123,118,118,125
607,5135034,65,126,112,116,125
608,5135044,65,129,112,113,131
609,5135054,65,131,116,112,131
610,5135064,65,125,121,111,121
611,5135074,65,121,118,111,112
612,5135084,65,118,123,119,104
613,5135094,65,120,123,118,116
614,5135104,65,124,124,117,121
615,5135114,65,130,115,115,131
616,5135124,65,132,120,115,125
617,5135134,65,134,120,115,123
618,5135144,65,134,116,112,113
619,5135154,65,126,123,115,118
620,5135164,65,126,116,119,120
621,5135174,65,127,118,118,131
622,5135184,65,130,121,119,128
623,5135194,65,134,121,124,121
624,5135204,65,133,120,126,121
625,5135214,65,133,130,127,122
626,5135224,65,124,126,127,114
627,5135234,65,123,125,129,122
628,5135244,65,126,125,126,131
629,5135254,65,126,126,129,131
630,5135264,65,131,129,129,125
631,5135274,65,131,125,129,126
632,5135284,65,130,125,129,119
633,5135294,65,129,131,130,125
634,5135304,65,129,125,126,123
635,5135314,65,131,120,125,131
636,5135324,65,133,121,125,132
637,5135334,65,135,121,128,123
638,5135344,65,137,121,130,123
639,5135354,65,136,125,130,125
640,5135364,65,135,130,132,130
641,5135374,65,137,124,129,129
642,5135384,65,137,124,129,136
643,5135394,65,139,124,127,134
644,5135404,65,137,131,128,139
645,5135414,65,138,127,130,131
646,5135424,65,136,132,130,131
647,5135434,65,137,127,132,130
648,5135444,65,139,131,130,134
649,5135454,65,139,127,131,134
650,5135464,65,141,131,131,139
651,5135474,65,143,129,132,135
652,5135484,65,144,134,133,125
653,5135494,65,144,130,133,125
654,5135504,65,144,132,131,129
655,5135514,65,144,129,131,137
656,5135524,65,144,125,131,135
657,5135534,65,146,132,129,141
658,5135544,65,142,131,129,133
659,5135554,65,142,134,130,133
660,5135564,65,143,130,131,131
661,5135574,65,147,134,131,137
662,5135584,65,144,130,131,143
663,5135594,65,147,137,132,140
664,5135604,65,147,133,131,140
665,5135614,65,144,140,131,130
666,5135624,65,142,139,131,133
667,5135634,65,142,139,129,132
668,5135644,65,143,133,131,140
669,5135654,65,142,134,132,137
670,5135664,65,137,140,135,138
671,5135674,65,131,136,136,139
672,5135684,65,129,139,138,132
673,5135694,65,135,133,137,137
674,5135704,65,135,138,137,133
675,5135714,65,135,139,138,139
676,5135724,65,133,135,139,130
677,5135734,65,127,135,138,133
678,5135744,65,125,134,139,126
679,5135754,65,129,138,140,132
680,5135764,65,133,131,140,131
681,5135774,65,136,134,139,134
682,5135784,65,138,131,138,141
683,5135794,65,141,137,136,136
684,5135804,65,141,135,137,141
685,5135814,65,143,133,136,136
686,5135824,65,144,133,135,143
687,5135834,65,144,137,133,146
688,5135844,65,143,139,133,146
689,5135854,65,142,134,134,142
690,5135864,65,141,141,134,135
691,5135874,65,141,136,137,141
692,5135884,65,142,139,136,136
693,5135894,65,143,134,138,143
694,5135904,65,146,135,138,139
695,5135914,65,146,141,139,136
696,5135924,65,146,140,139,136
697,5135934,65,144,141,140,133
698,5135944,65,144,134,138,136
699,5135954,65,144,136,138,134
700,5135964,65,144,131,138,141
701,5135974,65,144,136,139,138
702,5135984,65,140,133,138,138
703,5135994,65,140,137,137,138
704,5136004,65,143,140,138,140
705,5136014,65,143,133,137,148
706,5136024,65,146,139,134,142
707,5136034,65,144,136,136,147
708,5136044,65,141,141,136,137
709,5136054,65,141,137,135,137
710,5136064,65,141,137,135,138
711,5136074,65,144,141,135,135
712,5136084,65,143,137,135,143
713,5136094,65,146,143,134,138
714,5136104,65,143,138,137,147
715,5136114,65,139,147,138,140
716,5136124,65,137,141,140,137
717,5136134,65,136,146,138,137
718,5136144,65,135,143,139,134
719,5136154,65,132,138,139,137
720,5136164,65,132,146,141,131
721,5136174,65,131,139,141,136
722,5136184,65,133,144,142,131
723,5136194,65,135,137,140,137
724,5136204,65,137,131,139,134
725,5136214,65,140,131,140,140
726,5136224,65,142,135,138,143
727,5136234,65,143,140,139,143
728,5136244,65,143,134,137,143
729,5136254,65,142,138,136,139
730,5136264,65,143,133,133,146
731,5136274,65,141,138,132,146
732,5136284,65,136,133,132,146
733,5136294,65,136,140,133,144
734,5136304,65,135,141,136,138
735,5136314,65,138,135,137,144
736,5136324,65,139,139,138,138
737,5136334,65,142,135,138,144
738,5136344,65,143,140,138,140
739,5136354,65,142,137,138,133
740,5136364,65,142,141,138,134
741,5136374,65,143,137,139,129
742,5136384,65,144,131,136,137
743,5136394,65,143,132,136,134
744,5136404,65,142,128,135,142
745,5136414,65,141,135,137,138
746,5136424,65,141,132,134,144
747,5136434,65,140,136,135,137
748,5136444,65,143,133,135,139
749,5136454,65,143,138,133,143
750,5136464,65,143,132,133,139
751,5136474,65,139,139,134,144
752,5136484,65,139,134,132,136
753,5136494,65,135,136,132,138
754,5136504,65,138,140,133,141
755,5136514,65,140,135,131,136
756,5136524,65,140,139,132,142
757,5136534,65,141,137,135,139
758,5136544,65,139,142,135,143
759,5136554,65,138,142,136,136
760,5136564,65,135,142,138,137
761,5136574,65,135,140,136,133
762,5136584,65,131,134,137,136
763,5136594,65,129,140,138,136
764,5136604,65,130,136,138,131
765,5136614,65,131,142,139,136
766,5136624,65,131,136,139,131
767,5136634,65,136,136,139,136
768,5136644,65,140,132,136,134
769,5136654,65,139,132,136,140
770,5136664,65,142,129,135,136
771,5136674,65,139,134,134,142
772,5136684,65,139,138,134,143
773,5136694,65,137,131,134,137
774,5136704,65,135,134,133,142
775,5136714,65,133,128,131,138
776,5136724,65,132,134,132,144
777,5136734,65,132,133,132,138
778,5136744,65,132,135,135,136
779,5136754,65,134,135,136,141
780,5136764,65,136,138,135,138
781,5136774,65,139,139,136,143
782,5136784,65,140,135,136,140
783,5136794,65,141,140,137,143
784,5136804,65,140,136,138,134
785,5136814,65,139,140,136,137
786,5136824,65,140,133,135,131
787,5136834,65,138,133,135,136
788,5136844,65,139,131,135,143
789,5136854,65,139,128,133,139
790,5136864,65,139,128,134,146
791,5136874,65,139,131,133,139
792,5136884,65,142,136,135,141
793,5136894,65,144,131,134,143
794,5136904,65,140,136,131,138
795,5136914,65,136,134,131,144
796,5136924,65,136,140,130,137
797,5136934,65,136,136,130,139
798,5136944,65,136,136,131,133
799,5136954,65,139,136,133,137
800,5136964,65,141,139,131,134
801,5136974,65,141,142,133,142
802,5136984,65,140,136,135,144
803,5136994,65,137,142,136,140
804,5137004,65,132,135,137,144
805,5137014,65,131,140,138,137
806,5137024,65,131,133,138,141
807,5137034,65,130,134,139,136
808,5137044,65,132,140,141,135
809,5137054,65,133,140,141,139
810,5137064,65,134,139,141,138
811,5137074,65,137,131,139,137
812,5137084,65,137,131,139,132
813,5137094,65,137,127,136,140
814,5137104,65,138,134,134,136
815,5137114,65,139,132,135,143
816,5137124,65,140,139,134,139
817,5137134,65,137,137,134,139
818,5137144,65,137,137,133,146
819,5137154,65,132,131,132,139
820,5137164,65,132,134,131,147
821,5137174,65,132,140,131,140
822,5137184,65,133,135,133,146
823,5137194,65,134,139,136,137
824,5137204,65,137,133,137,134
825,5137214,65,139,139,136,140
826,5137224,65,139,135,135,138
827,5137234,65,142,135,136,146
828,5137244,65,142,140,138,138
829,5137254,65,140,134,136,137
830,5137264,65,140,136,138,137
831,5137274,65,139,128,135,141
832,5137284,65,139,131,135,146
833,5137294,65,142,130,135,141
834,5137304,65,142,135,134,149
835,5137314,65,142,132,135,139
836,5137324,65,141,139,134,139
837,5137334,65,139,137,132,131
838,5137344,65,136,134,131,136
839,5137354,65,136,134,131,144
840,5137364,65,137,136,132,139
841,5137374,65,137,143,134,142
842,5137384,65,135,138,134,132
843,5137394,65,137,141,135,133
844,5137404,65,138,135,132,140
845,5137414,65,138,140,134,140
846,5137424,65,141,141,135,137
847,5137434,65,141,136,137,140
848,5137444,65,140,141,137,144
849,5137454,65,138,135,136,136
850,5137464,65,136,139,137,143
851,5137474,65,133,135,136,137
852,5137484,65,135,137,136,138
853,5137494,65,136,140,139,141
854,5137504,65,138,140,140,132
855,5137514,65,141,136,140,134
856,5137524,65,141,128,137,131
857,5137534,65,141,133,137,139
858,5137544,65,142,131,136,135
859,5137554,65,142,139,136,137
860,5137564,65,142,135,134,137
861,5137574,65,141,139,134,142
862,5137584,65,138,134,134,143
863,5137594,65,137,134,131,137
864,5137604,65,137,131,131,146
865,5137614,65,138,134,133,140
866,5137624,65,139,141,134,144
867,5137634,65,140,134,135,135
868,5137644,65,139,138,136,132
869,5137654,65,139,132,136,140
870,5137664,65,141,139,135,138
871,5137674,65,141,135,136,144
872,5137684,65,143,136,136,138
873,5137694,65,141,140,138,142
874,5137704,65,141,134,135,138
875,5137714,65,142,133,132,138
876,5137724,65,142,128,132,134
877,5137734,65,144,135,133,138
878,5137744,65,148,132,133,146
879,5137754,65,146,138,135,136
880,5137764,65,146,133,136,134
881,5137774,65,144,136,132,128
882,5137784,65,143,139,132,138
883,5137794,65,141,135,130,135
884,5137804,65,142,135,131,142
885,5137814,65,143,138,133,138
886,5137824,65,139,142,135,129
887,5137834,65,135,136,133,136
888,5137844,65,134,137,131,133
889,5137854,65,136,134,131,141
890,5137864,65,138,140,134,137
891,5137874,65,138,142,137,142
892,5137884,65,140,136,137,132
893,5137894,65,138,136,136,129
894,5137904,65,139,135,136,136
895,5137914,65,138,139,136,136
896,5137924,65,139,136,138,141
897,5137934,65,141,136,141,135
898,5137944,65,142,138,140,141
899,5137954,65,141,138,140,136
900,5137964,65,140,132,136,141
901,5137974,85,140,128,136,137
902,5137984,85,140,135,134,138
903,5137994,85,141,132,135,140
904,5138004,85,142,137,135,131
905,5138014,85,142,134,136,139
906,5138024,85,150,139,140,142
907,5138034,85,153,140,140,154
908,5138044,85,156,140,139,162
909,5138054,85,158,137,141,154
910,5138064,85,159,142,144,154
911,5138074,85,155,148,148,141
912,5138084,85,149,142,148,144
913,5138094,85,151,147,147,154
914,5138104,85,156,142,140,151
915,5138114,85,158,146,139,158
916,5138124,85,162,150,142,159
917,5138134,85,160,141,143,148
918,5138144,85,155,134,147,150
919,5138154,85,158,134,143,147
920,5138164,85,158,141,146,158
921,5138174,85,160,147,146,158
922,5138184,85,160,144,147,151
923,5138194,85,160,151,149,147
924,5138204,85,155,144,144,147
925,5138214,85,158,149,143,154
926,5138224,85,159,154,149,163
927,5138234,85,162,149,150,162
928,5138244,85,163,156,150,156
929,5138254,85,163,151,146,160
930,5138264,85,158,148,143,151
931,5138274,85,155,150,142,159
932,5138284,85,154,147,144,162
933,5138294,85,155,154,149,153
934,5138304,85,158,150,151,158
935,5138314,85,158,150,151,151
936,5138324,85,155,155,150,154
937,5138334,85,154,153,151,163
938,5138344,85,159,153,153,167
939,5138354,85,160,156,154,162
940,5138364,85,162,151,154,167
941,5138374,85,160,154,153,159
942,5138384,85,158,149,150,156
943,5138394,85,156,149,150,160
944,5138404,85,151,154,151,154
945,5138414,85,153,151,149,160
946,5138424,85,154,150,151,166
947,5138434,85,154,150,151,162
948,5138444,85,156,147,150,163
949,5138454,85,162,154,153,169
950,5138464,85,163,149,150,163
951,5138474,85,164,153,151,159
952,5138484,85,163,158,153,166
953,5138494,85,160,153,150,167
954,5138504,85,159,160,149,167
955,5138514,85,158,160,150,166
956,5138524,85,162,156,151,159
957,5138534,85,162,158,154,162
958,5138544,85,166,162,151,167
959,5138554,85,166,156,150,160
960,5138564,85,164,163,151,158
961,5138574,85,160,163,151,164
962,5138584,85,159,156,153,158
963,5138594,85,158,164,153,159
964,5138604,85,160,156,153,164
965,5138614,85,162,158,153,156
966,5138624,85,160,164,150,160
967,5138634,85,160,159,153,169
968,5138644,85,162,158,153,163
969,5138654,85,162,162,151,169
970,5138664,85,159,158,149,162
971,5138674,85,155,158,149,155
972,5138684,85,154,164,150,156
973,5138694,85,158,159,153,156
974,5138704,85,158,158,153,160
975,5138714,85,160,163,156,169
976,5138724,85,159,158,155,167
977,5138734,85,158,163,156,164
978,5138744,85,159,163,156,170
979,5138754,85,159,159,158,172
980,5138764,85,160,155,158,164
981,5138774,85,159,158,158,156
982,5138784,85,155,154,156,160
983,5138794,85,155,159,155,154
984,5138804,85,159,160,156,164
985,5138814,85,160,155,156,170
986,5138824,85,162,163,158,167
987,5138834,85,160,156,155,167
988,5138844,85,159,158,155,162
989,5138854,85,159,163,155,156
990,5138864,85,164,158,155,160
991,5138874,85,163,162,156,160
992,5138884,85,164,164,156,164
993,5138894,85,160,156,154,166
994,5138904,85,163,158,154,172
995,5138914,85,166,163,154,170
996,5138924,85,167,158,155,170
997,5138934,85,167,158,155,163
998,5138944,85,164,158,153,155
999,5138954,85,163,159,151,158
1000,5138964,85,164,163,153,158
1001,5138974,85,164,162,154,162
1002,5138984,85,162,158,155,166
1003,5138994,85,156,158,153,163
1004,5139004,85,156,158,151,155
1005,5139014,85,160,158,153,164
1006,5139024,85,162,164,156,167
1007,5139034,85,163,164,156,159
1008,5139044,85,164,158,154,163
1009,5139054,85,162,166,151,160
1010,5139064,85,162,158,151,158
1011,5139074,85,162,158,155,167
1012,5139084,85,164,164,154,169
1013,5139094,85,166,158,159,164
1014,5139104,85,163,159,156,163
1015,5139114,85,162,162,158,163
1016,5139124,85,163,159,158,160
1017,5139134,85,163,158,159,167
1018,5139144,85,159,166,159,166
1019,5139154,85,158,159,159,156
1020,5139164,85,156,158,159,160
1021,5139174,85,156,163,159,159
1022,5139184,85,160,156,159,162
1023,5139194,85,164,156,159,170
1024,5139204,85,166,162,160,167
1025,5139214,85,166,158,155,156
1026,5139224,85,167,163,153,163
1027,5139234,85,167,163,154,167
1028,5139244,85,167,156,151,164
1029,5139254,85,164,163,153,164
1030,5139264,85,164,163,154,164
1031,5139274,85,163,158,151,163
1032,5139284,85,163,163,153,167
1033,5139294,85,166,156,154,167
1034,5139304,85,167,156,155,163
1035,5139314,85,167,163,155,169
1036,5139324,85,167,163,154,164
1037,5139334,85,167,156,151,159
1038,5139344,85,167,166,154,163
1039,5139354,85,164,156,154,158
1040,5139364,85,163,159,155,163
1041,5139374,85,158,164,154,170
1042,5139384,85,160,163,154,169
1043,5139394,85,160,163,153,159
1044,5139404,85,160,164,153,156
1045,5139414,85,159,158,153,156
1046,5139424,85,156,158,154,155
1047,5139434,85,155,163,153,160
1048,5139444,85,162,159,151,164
1049,5139454,85,163,162,153,164
1050,5139464,85,163,164,154,170
1051,5139474,85,163,159,156,175
1052,5139484,85,164,159,155,169
1053,5139494,85,163,163,158,170
1054,5139504,85,163,159,159,164
1055,5139514,85,163,163,159,160
1056,5139524,85,153,166,159,163
1057,5139534,85,151,158,160,163
1058,5139544,85,153,164,159,158
1059,5139554,85,159,158,160,159
1060,5139564,85,163,159,160,159
1061,5139574,85,163,163,160,164
1062,5139584,85,167,166,162,173
1063,5139594,85,169,155,159,169
1064,5139604,85,167,163,159,162
1065,5139614,85,167,156,153,166
1066,5139624,85,163,158,153,166
1067,5139634,85,159,163,154,162
1068,5139644,85,162,163,155,166
1069,5139654,85,164,158,155,166
1070,5139664,85,167,163,155,163
1071,5139674,85,167,158,155,166
1072,5139684,85,164,158,155,166
1073,5139694,85,160,163,155,159
1074,5139704,85,163,158,156,154
1075,5139714,85,164,158,156,154
1076,5139724,85,164,164,158,153
1077,5139734,85,163,158,156,163
1078,5139744,85,163,164,158,170
1079,5139754,85,163,164,159,166
1080,5139764,85,166,158,156,173
1081,5139774,85,163,159,153,166
1082,5139784,85,160,159,151,155
1083,5139794,85,153,159,153,154
1084,5139804,85,153,164,153,154
1085,5139814,85,156,163,153,155
1086,5139824,85,159,159,150,162
1087,5139834,85,164,164,150,166
1088,5139844,85,163,159,151,166
1089,5139854,85,166,159,154,172
1090,5139864,85,166,164,154,173
1091,5139874,85,166,166,156,170
1092,5139884,85,164,158,155,172
1093,5139894,85,160,164,158,163
1094,5139904,85,159,164,158,162
1095,5139914,85,162,158,159,167
1096,5139924,85,164,163,160,164
1097,5139934,85,163,156,162,160
1098,5139944,85,162,159,160,166
1099,5139954,85,162,163,162,162
1100,5139964,85,163,163,160,163
1101,5139974,85,164,156,160,169
1102,5139984,85,164,162,160,166
1103,5139994,85,163,158,159,158
1104,5140004,85,164,158,159,163
1105,5140014,85,164,164,158,167
1106,5140024,85,169,158,158,162
1107,5140034,85,169,156,158,166
1108,5140044,85,166,162,155,163
1109,5140054,85,162,158,153,163
1110,5140064,85,160,158,154,167
1111,5140074,85,166,163,153,164
1112,5140084,85,166,159,154,155
1113,5140094,85,166,162,153,154
1114,5140104,85,166,164,153,154
1115,5140114,85,166,158,155,158
1116,5140124,85,166,159,153,169
1117,5140134,85,167,159,156,169
1118,5140144,85,167,159,156,163
1119,5140154,85,162,163,155,162
1120,5140164,85,159,166,154,154
1121,5140174,85,159,159,153,155
1122,5140184,85,159,158,153,160
1123,5140194,85,162,158,155,158
1124,5140204,85,163,158,153,166
1125,5140214,85,163,163,151,172
1126,5140224,85,163,163,153,172
1127,5140234,85,163,163,154,164
1128,5140244,85,164,163,155,169
1129,5140254,85,164,156,156,162
1130,5140264,85,160,155,155,159
1131,5140274,85,159,160,156,166
1132,5140284,85,162,154,156,166
1133,5140294,85,162,163,158,166
1134,5140304,85,164,160,160,166
1135,5140314,85,163,156,158,160
1136,5140324,85,160,163,159,162
1137,5140334,85,160,156,160,170
1138,5140344,85,163,156,160,162
1139,5140354,85,163,160,159,162
1140,5140364,85,163,162,156,169
1141,5140374,85,163,158,154,169
1142,5140384,85,164,164,154,162
1143,5140394,85,167,156,154,169
1144,5140404,85,167,158,153,163
1145,5140414,85,166,162,154,166
1146,5140424,85,160,160,154,172
1147,5140434,85,162,160,151,167
1148,5140444,85,162,162,153,158
1149,5140454,85,164,158,153,159
1150,5140464,85,163,158,154,154
1151,5140474,85,159,158,153,158
1152,5140484,85,159,156,154,167
1153,5140494,85,162,166,153,163
1154,5140504,85,163,166,155,158
1155,5140514,85,166,156,155,164
1156,5140524,85,166,159,158,162
1157,5140534,85,163,159,156,156
1158,5140544,85,163,160,156,162
1159,5140554,85,163,162,156,156
1160,5140564,85,163,163,155,159
1161,5140574,85,163,159,156,169
1162,5140584,85,162,163,153,164
1163,5140594,85,160,164,153,167
1164,5140604,85,162,159,151,172
1165,5140614,85,164,158,153,167
1166,5140624,85,163,158,155,162
1167,5140634,85,160,159,156,169
1168,5140644,85,159,164,156,163
1169,5140654,85,162,163,156,160
1170,5140664,85,162,156,158,166
1171,5140674,85,163,163,160,170
1172,5140684,85,163,156,160,166
1173,5140694,85,162,158,162,173
1174,5140704,85,163,164,160,169
1175,5140714,85,164,163,162,159
1176,5140724,85,164,159,160,164
1177,5140734,85,162,163,160,162
1178,5140744,85,159,158,162,166
1179,5140754,85,158,158,159,173
1180,5140764,85,163,164,156,169
1181,5140774,85,164,159,155,162
1182,5140784,85,164,162,153,170
1183,5140794,85,164,163,153,170
1184,5140804,85,163,158,154,163
1185,5140814,85,163,155,151,151
1186,5140824,85,164,155,153,159
1187,5140834,85,162,158,154,154
1188,5140844,85,160,163,154,164
1189,5140854,85,160,163,156,170
1190,5140864,85,164,158,155,164
1191,5140874,85,163,166,156,156
1192,5140884,85,163,158,158,156
1193,5140894,85,160,158,155,158
1194,5140904,85,158,164,158,166
1195,5140914,85,158,164,158,162
1196,5140924,85,162,158,155,155
1197,5140934,85,163,164,155,162
1198,5140944,85,163,163,154,158
1199,5140954,85,160,159,155,163
1200,5140964,85,160,166,155,175
1201,5140974,105,163,158,155,166
1202,5140984,105,163,160,154,159
1203,5140994,105,164,162,155,164
1204,5141004,105,163,164,154,167
1205,5141014,105,160,164,156,163
1206,5141024,105,163,164,158,158
1207,5141034,105,163,159,159,158
1208,5141044,105,166,158,160,158
1209,5141054,105,164,163,162,169
1210,5141064,105,164,159,163,173
1211,5141074,105,169,166,164,166
1212,5141084,105,169,164,166,167
1213,5141094,105,170,159,163,163
1214,5141104,105,167,156,163,158
1215,5141114,105,166,164,163,169
1216,5141124,105,166,159,162,163
1217,5141134,105,167,163,160,162
1218,5141144,105,169,164,158,166
1219,5141154,105,163,158,155,164
1220,5141164,105,160,163,154,162
1221,5141174,105,162,156,155,159
1222,5141184,105,164,158,156,159
1223,5141194,105,167,163,158,153
1224,5141204,105,166,163,155,158
1225,5141214,105,160,158,155,164
1226,5141224,105,160,166,156,164
1227,5141234,105,166,164,159,169
1228,5141244,105,167,159,160,162
1229,5141254,105,169,164,159,156
1230,5141264,105,166,158,158,160
1231,5141274,105,162,160,160,158
1232,5141284,105,162,164,160,163
1233,5141294,105,166,166,160,164
1234,5141304,105,167,162,160,159
1235,5141314,105,169,167,158,162
1236,5141324,105,166,162,155,169
1237,5141334,105,166,162,159,164
1238,5141344,105,166,167,158,166
1239,5141354,105,167,167,155,170
1240,5141364,105,164,160,153,167
1241,5141374,105,162,166,153,167
1242,5141384,105,162,166,154,172
1243,5141394,105,166,158,154,163
1244,5141404,105,166,164,158,159
1245,5141414,105,167,158,160,162
1246,5141424,105,166,159,158,158
1247,5141434,105,166,163,158,164
1248,5141444,105,169,164,163,172
1249,5141454,105,170,158,163,172
1250,5141464,105,170,163,162,163
1251,5141474,105,167,158,160,166
1252,5141484,105,167,159,159,160
1253,5141494,105,167,163,159,163
1254,5141504,105,172,163,160,172
1255,5141514,105,169,163,159,172
1256,5141524,105,169,164,158,162
1257,5141534,105,162,156,156,169
1258,5141544,105,164,158,158,164
1259,5141554,105,166,158,158,156
1260,5141564,105,169,158,160,158
1261,5141574,105,169,163,160,158
1262,5141584,105,169,164,160,160
1263,5141594,105,167,159,159,169
1264,5141604,105,169,159,162,169
1265,5141614,105,167,159,164,163
1266,5141624,105,166,158,163,166
1267,5141634,105,162,166,160,158
1268,5141644,105,163,166,162,158
1269,5141654,105,166,160,164,166
1270,5141664,105,169,166,163,170
1271,5141674,105,169,159,164,164
1272,5141684,105,169,162,162,170
1273,5141694,105,167,166,160,170
1274,5141704,105,169,162,162,166
1275,5141714,105,169,162,163,166
1276,5141724,105,166,167,162,172
1277,5141734,105,162,169,160,164
1278,5141744,105,163,162,158,166
1279,5141754,105,167,162,158,172
1280,5141764,105,167,162,159,172
1281,5141774,105,169,160,163,172
1282,5141784,105,169,167,163,169
1283,5141794,105,167,166,163,164
1284,5141804,105,169,159,163,166
1285,5141814,105,172,166,164,175
1286,5141824,105,170,167,167,169
1287,5141834,105,170,159,166,169
1288,5141844,105,169,163,166,172
1289,5141854,105,167,160,166,169
1290,5141864,105,170,162,166,163
1291,5141874,105,172,169,166,172
1292,5141884,105,170,167,166,173
1293,5141894,105,166,163,163,167
1294,5141904,105,167,167,159,160
1295,5141914,105,169,166,162,163
1296,5141924,105,169,159,162,156
1297,5141934,105,166,164,162,166
1298,5141944,105,163,164,162,166
1299,5141954,105,164,159,160,163
1300,5141964,105,167,164,160,170
1301,5141974,105,167,166,164,170
1302,5141984,105,166,160,164,163
1303,5141994,105,164,160,164,162
1304,5142004,105,163,160,163,164
1305,5142014,105,166,160,166,159
1306,5142024,105,167,167,164,167
1307,5142034,105,167,167,164,172
1308,5142044,105,167,163,164,173
1309,5142054,105,169,166,162,164
1310,5142064,105,169,167,160,173
1311,5142074,105,167,162,163,166
1312,5142084,105,167,164,162,169
1313,5142094,105,163,160,163,175
1314,5142104,105,163,163,158,173
1315,5142114,105,166,163,155,163
1316,5142124,105,166,164,159,170
1317,5142134,105,169,160,159,173
1318,5142144,105,167,159,162,166
1319,5142154,105,167,159,164,169
1320,5142164,105,170,162,166,173
1321,5142174,105,170,167,164,169
1322,5142184,105,169,169,166,170
1323,5142194,105,166,160,166,175
1324,5142204,105,160,167,166,172
1325,5142214,105,160,162,164,167
1326,5142224,105,167,163,166,169
1327,5142234,105,170,167,166,173
1328,5142244,105,170,160,166,169
1329,5142254,105,170,163,163,166
1330,5142264,105,170,167,159,166
1331,5142274,105,170,166,160,156
1332,5142284,105,167,158,159,163
1333,5142294,105,162,159,162,167
1334,5142304,105,162,159,160,167
1335,5142314,105,166,158,162,170
1336,5142324,105,169,166,160,166
1337,5142334,105,167,164,162,162
1338,5142344,105,166,160,162,163
1339,5142354,105,162,163,163,170
1340,5142364,105,162,159,163,163
1341,5142374,105,163,160,162,166
1342,5142384,105,164,163,162,169
1343,5142394,105,166,160,163,164
1344,5142404,105,163,160,163,167
1345,5142414,105,166,166,162,173
1346,5142424,105,167,162,162,166
1347,5142434,105,170,162,160,166
1348,5142444,105,169,169,162,172
1349,5142454,105,167,162,163,173
1350,5142464,105,163,162,162,167
1351,5142474,105,164,167,160,170
1352,5142484,105,164,167,162,160
1353,5142494,105,167,162,163,164
1354,5142504,105,166,167,163,173
1355,5142514,105,167,167,164,169
1356,5142524,105,170,159,163,167
1357,5142534,105,169,166,163,166
1358,5142544,105,169,159,164,175
1359,5142554,105,167,160,164,173
1360,5142564,105,166,167,164,173
1361,5142574,105,166,166,164,170
1362,5142584,105,167,162,164,159
1363,5142594,105,170,166,164,164
1364,5142604,105,172,162,166,173
1365,5142614,105,167,162,166,169
1366,5142624,105,167,167,166,167
1367,5142634,105,169,160,163,167
1368,5142644,105,166,158,160,162
1369,5142654,105,162,163,159,162
1370,5142664,105,162,159,159,166
1371,5142674,105,163,158,162,162
1372,5142684,105,169,164,160,159
1373,5142694,105,169,159,159,166
1374,5142704,105,170,158,160,167
1375,5142714,105,166,164,162,163
1376,5142724,105,162,159,162,172
1377,5142734,105,163,160,162,164
1378,5142744,105,164,164,163,162
1379,5142754,105,164,162,162,170
1380,5142764,105,166,162,163,164
1381,5142774,105,164,167,163,167
1382,5142784,105,167,162,163,170
1383,5142794,105,169,167,160,169
1384,5142804,105,167,167,159,162
1385,5142814,105,166,160,159,170
1386,5142824,105,164,162,160,172
1387,5142834,105,164,167,163,164
1388,5142844,105,164,160,159,158
1389,5142854,105,164,160,156,158
1390,5142864,105,164,167,159,162
1391,5142874,105,164,167,159,173
1392,5142884,105,169,158,163,173
1393,5142894,105,170,164,164,166
1394,5142904,105,169,158,162,170
1395,5142914,105,169,159,163,169
1396,5142924,105,164,164,163,164
1397,5142934,105,164,158,164,163
1398,5142944,105,167,166,163,166
1399,5142954,105,169,163,162,159
1400,5142964,105,170,159,159,166
1401,5142974,105,169,160,160,173
1402,5142984,105,167,164,162,175
1403,5142994,105,170,159,163,175
1404,5143004,105,169,163,159,164
1405,5143014,105,166,163,156,154
1406,5143024,105,166,158,156,156
1407,5143034,105,164,159,156,164
1408,5143044,105,166,164,159,158
1409,5143054,105,167,156,160,163
1410,5143064,105,169,166,155,164
1411,5143074,105,164,164,159,159
1412,5143084,105,162,160,158,163
1413,5143094,105,163,164,160,167
1414,5143104,105,166,166,159,160
1415,5143114,105,167,160,156,164
1416,5143124,105,167,163,155,169
1417,5143134,105,166,159,155,173
1418,5143144,105,167,159,159,173
1419,5143154,105,170,166,160,169
1420,5143164,105,169,166,160,162
1421,5143174,105,169,163,154,158
1422,5143184,105,166,160,154,170
1423,5143194,105,164,160,155,163
1424,5143204,105,164,163,158,166
1425,5143214,105,169,164,158,167
1426,5143224,105,169,163,151,167
1427,5143234,105,169,158,151,164
1428,5143244,105,169,164,153,173
1429,5143254,105,169,164,158,167
1430,5143264,105,172,158,160,166
1431,5143274,105,170,162,158,170
1432,5143284,105,167,156,156,170
1433,5143294,105,167,158,160,163
1434,5143304,105,167,164,159,167
1435,5143314,105,166,163,162,163
1436,5143324,105,164,163,159,160
1437,5143334,105,164,164,154,166
1438,5143344,105,166,159,154,166
1439,5143354,105,166,158,155,166
1440,5143364,105,169,164,156,170
1441,5143374,105,170,163,159,163
1442,5143384,105,169,163,158,155
1443,5143394,105,166,163,155,162
1444,5143404,105,166,158,156,158
1445,5143414,105,166,158,156,155
1446,5143424,105,167,164,158,162
1447,5143434,105,164,158,159,164
1448,5143444,105,162,164,158,164
1449,5143454,105,160,166,159,169
1450,5143464,105,164,158,163,163
1451,5143474,105,167,164,163,163
1452,5143484,105,170,159,162,164
1453,5143494,105,170,159,159,159
1454,5143504,105,170,166,158,162
1455,5143514,105,170,164,159,169
1456,5143524,105,170,159,159,170
1457,5143534,105,166,167,159,163
1458,5143544,105,164,166,158,166
1459,5143554,105,164,159,155,162
1460,5143564,105,164,164,155,162
1461,5143574,105,167,164,158,166
1462,5143584,105,170,158,156,164
1463,5143594,105,167,162,156,158
1464,5143604,105,166,159,155,169
1465,5143614,105,169,156,154,173
1466,5143624,105,170,163,156,166
1467,5143634,105,170,158,160,166
1468,5143644,105,169,156,158,166
1469,5143654,105,167,162,158,163
1470,5143664,105,166,155,156,169
1471,5143904,105,169,160,163,173
1472,5143914,105,164,166,163,173
1473,5143924,105,166,160,160,166
1474,5143934,105,169,162,159,162
1475,5143944,105,169,166,162,167
1476,5143954,105,169,159,162,160
1477,5143964,105,167,160,160,164
1478,5143974,125,166,163,160,172
1479,5143984,125,170,159,158,173
1480,5143994,125,170,158,160,167
1481,5144024,125,167,164,160,164
1482,5144034,125,169,163,159,167
1483,5144044,125,169,158,163,159
1484,5144054,125,167,158,163,164
1485,5144064,125,164,163,164,169
1486,5144074,125,164,158,163,175
1487,5144084,125,166,164,163,170
1488,5144094,125,169,163,163,170
1489,5144104,125,167,160,163,167
1490,5144114,125,163,159,162,162
1491,5144124,125,163,159,163,163
1492,5144134,125,164,159,162,169
1493,5144144,125,169,164,158,159
1494,5144154,125,169,164,160,156
1495,5144164,125,164,158,160,164
1496,5144174,125,162,159,162,160
1497,5144184,125,163,166,163,169
1498,5144194,125,167,159,162,169
1499,5144204,125,167,158,162,164
1500,5144214,125,166,158,164,166
1501,5144254,125,170,160,159,170
1502,5144264,125,166,167,162,177
1503,5144274,125,166,166,163,169
1504,5144284,125,167,162,162,175
1505,5144294,125,166,162,162,169
1506,5144304,125,167,169,159,162
1507,5144314,125,167,162,160,163
1508,5144324,125,166,169,162,163
1509,5144334,125,167,167,163,167
1510,5144344,125,169,163,159,172
1511,5144394,125,169,166,163,164
1512,5144404,125,169,158,163,160
1513,5144414,125,167,163,164,170
1514,5144424,125,162,164,164,166
1515,5144434,125,162,160,164,169
1516,5144444,125,166,160,166,172
1517,5144454,125,169,166,166,166
1518,5144464,125,164,160,164,160
1519,5144474,125,164,167,164,167
1520,5144484,125,163,164,164,162
1521,5144534,125,160,163,160,163
1522,5144544,125,162,166,162,160
1523,5144554,125,164,166,162,162
1524,5144564,125,166,164,160,170
1525,5144574,125,164,159,163,164
1526,5144584,125,164,160,163,166
1527,5144594,125,164,166,164,172
1528,5144604,125,167,167,162,166
1529,5144614,125,167,160,160,166
1530,5144624,125,169,169,162,170
1531,5144634,125,167,169,162,175
1532,5144644,125,166,160,162,170
1533,5144654,125,167,160,163,164
1534,5144664,125,167,160,159,169
1535,5144674,125,167,162,158,162
1536,5144684,125,166,169,159,170
1537,5144694,125,164,167,159,172
1538,5144704,125,166,160,163,172
1539,5144714,125,167,167,160,166
1540,5144724,125,167,164,158,172
1541,5144734,125,169,158,159,164
1542,5144744,125,170,158,159,166
1543,5144754,125,167,158,159,169
1544,5144764,125,167,158,162,159
1545,5144774,125,164,164,160,160
1546,5144784,125,164,164,160,172
1547,5144794,125,164,164,163,175
1548,5144804,125,166,163,164,167
1549,5144814,125,167,158,166,172
1550,5144824,125,163,159,166,167
1551,5144834,125,163,164,164,162
1552,5144844,125,162,159,164,163
1553,5144854,125,166,163,164,163
1554,5144864,125,167,164,166,160
1555,5144874,125,167,158,162,166
1556,5144884,125,166,158,159,163
1557,5144894,125,163,164,159,159
1558,5144904,125,162,158,163,167
1559,5144914,125,164,164,163,160
1560,5144924,125,166,164,163,163
1561,5145204,125,164,160,163,163
1562,5145214,125,164,164,166,167
1563,5145224,125,166,163,164,164
1564,5145234,125,169,159,164,159
1565,5145244,125,166,163,163,159
1566,5145254,125,164,158,162,159
1567,5145264,125,163,158,160,162
1568,5145274,125,163,166,162,167
1569,5145284,125,167,164,163,169
1570,5145294,125,169,159,163,162
1571,5145324,125,169,160,162,163
1572,5145334,125,169,166,163,163
1573,5145344,125,169,159,162,169
1574,5145354,125,167,160,158,164
1575,5145364,125,169,167,158,172
1576,5145374,125,167,167,158,170
1577,5145384,125,170,167,160,167
1578,5145394,125,170,167,160,167
1579,5145404,125,172,160,156,170
1580,5145414,125,172,162,156,166
1581,5145424,125,172,166,154,169
1582,5145434,125,172,162,156,167
1583,5145444,125,172,159,158,167
1584,5145454,125,172,167,156,164
1585,5145464,125,170,166,151,170
1586,5145474,125,172,159,153,166
1587,5145484,125,170,164,155,159
1588,5145494,125,167,158,156,167
1589,5145504,125,160,159,158,172
1590,5145514,125,158,164,156,166
1591,5145624,125,160,164,160,166
1592,5145634,125,163,163,159,159
1593,5145644,125,166,158,160,164
1594,5145654,125,167,159,159,167
1595,5145664,125,170,164,162,163
1596,5145674,125,170,160,162,162
1597,5145684,125,170,164,160,162
1598,5145694,125,170,164,162,160
1599,5145704,125,169,160,162,167
1600,5145714,125,167,159,162,172
1601,5145744,125,170,166,160,166
1602,5145754,125,170,166,160,159
1603,5145764,125,167,162,160,162
1604,5145774,125,166,169,159,172
1605,5145784,125,167,167,159,167
1606,5145794,125,170,163,160,167
1607,5145804,125,172,163,162,172
1608,5145814,125,170,163,160,170
1609,5145824,125,170,162,160,164
1610,5145834,125,172,169,156,169
1611,5145844,125,172,167,159,159
1612,5145854,125,173,160,159,160
1613,5145864,125,172,166,160,170
1614,5145874,125,167,166,160,166
1615,5145884,125,167,159,163,164
1616,5145894,125,167,159,162,167
1617,5145904,125,170,159,164,167
1618,5145914,125,169,160,166,163
1619,5145924,125,164,164,166,172
1620,5145934,125,164,166,167,167
1621,5145974,125,160,160,166,158
1622,5145984,125,160,167,167,167
1623,5145994,125,164,169,167,167
1624,5146004,125,167,160,166,159
1625,5146014,125,169,164,164,160
1626,5146024,125,169,166,164,160
1627,5146034,125,167,160,166,166
1628,5146044,125,170,160,164,172
1629,5146054,125,172,160,164,167
1630,5146064,125,169,163,163,160
1631,5146714,125,166,169,169,162
1632,5146724,125,166,169,167,162
1633,5146734,125,167,163,167,167
1634,5146744,125,166,169,164,169
1635,5146754,125,169,170,164,163
1636,5146764,125,169,162,167,172
1637,5146774,125,170,169,167,170
1638,5146784,125,170,167,166,163
1639,5146794,125,167,163,162,164
1640,5146804,125,167,169,164,173
1641,5146894,125,172,170,162,175
1642,5146904,125,173,170,162,173
1643,5146914,125,172,164,164,164
1644,5146924,125,173,162,164,170
1645,5146934,125,170,170,162,169
1646,5146944,125,167,163,160,164
1647,5146954,125,170,162,159,172
1648,5146964,125,170,164,162,175
